,links,names,ratings,price for two,cuisine,Location
0,https://www.zomato.com/bangalore/jamming-goat-3-0-indiranagar-bangalore/info,Jamming Goat 3.0,4.4,"₹1,500 for two","South Indian, Asian, Thai",Indiranagar
1,https://www.zomato.com/bangalore/hydra-club-kitchen-koramangala-5th-block-bangalore/info,Hydra Club & Kitchen,New,"₹1,200 for two",Continental,Koramangala 5th Block
2,https://www.zomato.com/bangalore/scottish-pub-st-marks-road/info,Scottish Pub,4.3,₹700 for two,Finger Food,St. Marks Road
3,https://www.zomato.com/bangalore/raahi-st-marks-road-bangalore/info,Raahi,4.2,"₹2,000 for two","North Indian, Pasta, Pizza, Desserts, Beverages",St. Marks Road
4,https://www.zomato.com/bangalore/oney-brewhouse-cunningham-road-bangalore/info,Oney Brewhouse,New,"₹1,500 for two","American, Continental, Italian, South Indian, North Indian, Asian, Chinese",Cunningham Road
5,https://www.zomato.com/bangalore/bombay-borough-richmond-road-bangalore/info,Bombay Borough,4.5,"₹2,000 for two","North Indian, Biryani, South Indian, Desserts, Tea, Beverages",Richmond Road
6,https://www.zomato.com/bangalore/over-coffee-cafe-wine-bar-lavelle-road-bangalore/info,Over Coffee Cafe & Wine Bar,4.9,"₹1,200 for two","European, Italian, Continental, Cafe, Coffee",Lavelle Road
7,https://www.zomato.com/bangalore/the-bier-library-koramangala-6th-block-bangalore/info,The Bier Library,4.5,"₹1,800 for two","North Indian, Pizza, European, American, Bar Food, Oriental, Desserts, BBQ",Koramangala 6th Block
8,https://www.zomato.com/bangalore/tandoor-a-heritage-indian-restaurant-bar-mg-road-bangalore/info,Tandoor | A Heritage Indian Restaurant & Bar,3.7,"₹1,700 for two","North Indian, Mughlai, Kebab, Kashmiri, Seafood, Biryani, Grilled Chicken, Bar Food",MG Road
9,https://www.zomato.com/bangalore/shakesbierre-1-brigade-road-bangalore/info,ShakesBierre,4.4,"₹1,800 for two","Finger Food, North Indian, Continental, Italian, Desserts, Beverages","Eva Mall, Brigade Road"
10,https://www.zomato.com/bangalore/no-limmits-lounge-and-club-brigade-road-bangalore/info,No Limmits Lounge And Club,3.8,"₹2,500 for two","Chinese, Continental, North Indian, Fast Food, Pizza, Beverages",Brigade Road
11,https://www.zomato.com/bangalore/long-boat-brewing-co-marathahalli-bangalore/info,Long Boat Brewing Co.,4.2,"₹2,600 for two","Asian, Chinese, North Indian, Pizza, South Indian, Continental",Marathahalli
12,https://www.zomato.com/bangalore/secret-story-indiranagar-bangalore/info,Secret Story,4.0,"₹1,500 for two","Continental, Asian, North Indian, Fast Food, Desserts, Beverages",Indiranagar
13,https://www.zomato.com/bangalore/oia-3-hennur-bangalore/info,Oia,4.1,"₹2,500 for two","Continental, Asian, Seafood, Salad, Pizza, North Indian, Desserts",Hennur
14,https://www.zomato.com/bangalore/street-storyss-indiranagar-bangalore/info,Street Storyss,4.6,"₹2,500 for two","North Indian, Chinese, Street Food, Desserts, Beverages",Indiranagar
15,https://www.zomato.com/bangalore/ironhill-bengaluru-marathahalli-bangalore/info,Ironhill Bengaluru,4.5,"₹2,000 for two","North Indian, Continental, Asian, Pizza, Fast Food, Biryani, Beverages, Desserts",Marathahalli
16,https://www.zomato.com/bangalore/bramble-jayanagar-bangalore/info,Bramble,4.5,"₹1,800 for two","Continental, Asian, North Indian, Italian, Bar Food, Beverages",Jayanagar
17,https://www.zomato.com/bangalore/roxie-sarjapur-road-bangalore/info,Roxie,4.6,"₹2,600 for two","Continental, Asian, North Indian, European, American, Italian, Pizza, Beverages",Sarjapur Road
18,https://www.zomato.com/bangalore/magique-koramangala-6th-block-bangalore/info,Magique,3.8,"₹1,700 for two","Asian, Modern Indian, Continental, Italian, North Indian, Sushi, Desserts, Beverages",Koramangala 6th Block
19,https://www.zomato.com/bangalore/magic-mocktails-cafe-2-chanapatna-bangalore/info,Magic Mocktails Cafe,New,₹200 for two,"Beverages, Pizza, Burger, Sandwich, Fast Food, Chinese, Street Food, Shake",Chanapatna
20,https://www.zomato.com/bangalore/koko-airport-road-bangalore/info,KOKO,4.4,"₹3,500 for two","Asian, Sushi, Desserts, Chinese, Beverages",Old Airport Road
21,https://www.zomato.com/bangalore/phurr-jayanagar-bangalore/info,Phurr,4.2,"₹2,000 for two","North Indian, Continental",Jayanagar
22,https://www.zomato.com/bangalore/maffei-kitchen-1-koramangala-5th-block-bangalore/info,Maffei Kitchen,4.7,"₹1,700 for two","Lebanese, Greek, Moroccan, Desserts, Beverages",Koramangala 5th Block
23,https://www.zomato.com/bangalore/uru-brewpark-jp-nagar-bangalore/info,Uru Brewpark,4.3,"₹2,200 for two","Continental, North Indian, Italian, Chinese, Asian, Pizza, Lebanese, Beverages",JP Nagar
24,https://www.zomato.com/bangalore/ambedo-kitchen-taproom-jp-nagar-bangalore/info,Ambedo Kitchen|Taproom,4.5,"₹1,500 for two","Continental, Asian, North Indian, Italian, Pizza, Sushi",JP Nagar
25,https://www.zomato.com/bangalore/nusa-varthur-main-road-whitefield-bangalore/info,Nusa,3.8,"₹1,500 for two","North Indian, Asian, Continental, European, South Indian, Indonesian, Bar Food, Finger Food","Varthur Main Road, Whitefield"
26,https://www.zomato.com/bangalore/mayuri-1-jp-nagar-bangalore/info,Mayuri,4.5,"₹1,200 for two","Andhra, Biryani, North Indian, Chinese, Desserts",JP Nagar
27,https://www.zomato.com/bangalore/blr-brewing-co-1-whitefield-bangalore/info,BLR Brewing Co,New,"₹1,500 for two","North Indian, Continental, Chinese, Italian, BBQ, Bar Food, Desserts",Whitefield
28,https://www.zomato.com/bangalore/2-moons-mg-road-bangalore/info,2 MOONS,4.3,"₹2,100 for two","Modern Indian, Continental, Asian","1 MG Road Mall, MG Road"
29,https://www.zomato.com/bangalore/mykos-craft-kitchen-bar-bannerghatta-road-bangalore/info,Mykos Craft Kitchen & Bar,4.3,"₹1,600 for two","Continental, Greek, Asian, Mediterranean, North Indian",Bannerghatta Road
30,https://www.zomato.com/bangalore/skydeck-by-sherlocks-mg-road-bangalore/info,SkyDeck By Sherlock's,4.0,"₹1,800 for two","Continental, Chinese, Finger Food, North Indian, Fast Food, Beverages, Desserts",MG Road
31,https://www.zomato.com/bangalore/one8-commune-lavelle-road-bangalore/info,One8 Commune,3.9,"₹3,000 for two","North Indian, Chinese, Pasta, Sushi, Continental, Desserts, Beverages",Lavelle Road
32,https://www.zomato.com/bangalore/miso-sexy-indiranagar-bangalore/info,Miso Sexy,4.4,"₹1,800 for two","Japanese, Chinese, Sushi, Beverages",Indiranagar
33,https://www.zomato.com/bangalore/sky-garden-whitefield-bangalore/info,Sky Garden,4.1,"₹2,000 for two","Continental, North Indian, Pizza, Asian, Pasta, Chinese, Desserts, Beverages",Whitefield
34,https://www.zomato.com/bangalore/secret-story-indiranagar-bangalore/info,Secret Story,4.0,"₹1,500 for two","Continental, Asian, North Indian, Fast Food, Desserts, Beverages",Indiranagar
35,https://www.zomato.com/bangalore/macaw-by-stories-bommanahalli-bangalore/info,Macaw By Stories,4.2,"₹1,000 for two","South Indian, North Indian, Chinese, Pasta, Pizza, Fast Food, Salad, Desserts",Bommanahalli
36,https://www.zomato.com/bangalore/street-storyss-indiranagar-bangalore/info,Street Storyss,4.6,"₹2,500 for two","North Indian, Chinese, Street Food, Desserts, Beverages",Indiranagar
37,https://www.zomato.com/bangalore/stories-brewery-kitchen-btm-bangalore/info,Stories Brewery & Kitchen,4.4,"₹1,800 for two","North Indian, Continental, Chinese, Finger Food, Beverages, Desserts",BTM
38,https://www.zomato.com/bangalore/bramble-jayanagar-bangalore/info,Bramble,4.5,"₹1,800 for two","Continental, Asian, North Indian, Italian, Bar Food, Beverages",Jayanagar
39,https://www.zomato.com/bangalore/hard-rock-cafe-st-marks-road/info,Hard Rock Cafe,4.8,"₹2,500 for two","American, Continental, Burger, Sandwich, Fast Food, Desserts, Beverages",St. Marks Road
40,https://www.zomato.com/bangalore/magique-koramangala-6th-block-bangalore/info,Magique,3.8,"₹1,700 for two","Asian, Modern Indian, Continental, Italian, North Indian, Sushi, Desserts, Beverages",Koramangala 6th Block
41,https://www.zomato.com/bangalore/float-brewery-kalyan-nagar-bangalore/info,Float Brewery,4.5,"₹1,500 for two","Bar Food, Continental, Italian, Asian, North Indian, Desserts, Pizza, Beverages",Kalyan Nagar
42,https://www.zomato.com/bangalore/koko-airport-road-bangalore/info,KOKO,4.4,"₹3,500 for two","Asian, Sushi, Desserts, Chinese, Beverages",Old Airport Road
43,https://www.zomato.com/SarjapurSocial/info,Sarjapur SOCIAL,4.4,"₹1,000 for two","North Indian, Chinese, Biryani, Pasta, Burger, Pizza, Desserts, Beverages",Sarjapur Road
44,https://www.zomato.com/bangalore/foo-brigade-road-brigade-road-bangalore/info,Foo Brigade Road,4.6,"₹2,000 for two","Chinese, Sushi, Asian, Japanese, Desserts",Forum Rex Walk
45,https://www.zomato.com/bangalore/red-rhino-whitefield-bangalore/info,Red Rhino,4.4,"₹2,000 for two","Continental, North Indian, Asian, Oriental, Mediterranean, Mangalorean, Beverages, Desserts",Whitefield
46,https://www.zomato.com/bangalore/muro-church-street-bangalore/info,Muro,4.1,"₹3,000 for two","Thai, Cantonese",Church Street
47,https://www.zomato.com/bangalore/butterfly-brew-bite-fly-jp-nagar-bangalore/info,Butterfly Brew Bite & Fly,4.2,"₹1,500 for two","North Indian, Continental, Pizza, Italian, Asian, Desserts, Beverages",JP Nagar
48,https://www.zomato.com/bangalore/board-4-bored-basavanagudi-bangalore/info,Board 4 Bored,4.1,"₹1,000 for two","Chinese, Sandwich, Continental, Italian, Beverages, Pizza, Pasta",Basavanagudi
49,https://www.zomato.com/bangalore/taproom-by-sherlocks-jp-nagar-bangalore/info,Taproom By Sherlock's,4.3,"₹1,800 for two","North Indian, Oriental, Continental, Biryani, Pizza, Pasta, Desserts, Beverages",JP Nagar
50,https://www.zomato.com/bangalore/feast-sheraton-grand-bangalore-hotel-at-brigade-gateway-malleshwaram-bangalore/info,Feast - Sheraton Grand Bangalore Hotel at Brigade Gateway,4.2,"₹3,500 for two","North Indian, Continental, Fast Food, Asian, Beverages",Sheraton Grand Bangalore Hotel at Brigade Gateway
51,https://www.zomato.com/bangalore/byg-brewski-brewing-company-sarjapur-road-bangalore/info,Byg Brewski Brewing Company,4.6,"₹2,000 for two","Continental, North Indian, Asian, Fast Food, Pizza, Pasta, Burger, Desserts",Sarjapur Road
52,https://www.zomato.com/bangalore/kling-brewery-church-street-bangalore/info,Kling Brewery,4.2,"₹1,500 for two","Continental, European, Asian, Chinese, North Indian, South Indian, Seafood",Church Street
53,https://www.zomato.com/bangalore/the-black-pearl-kadubeesanahalli-bangalore/info,The Black Pearl,4.2,"₹2,100 for two","BBQ, North Indian, Biryani",Kadubeesanahalli
54,https://www.zomato.com/bangalore/bhangra-bistro-indiranagar-bangalore/info,Bhangra Bistro,4.2,"₹1,000 for two","North Indian, Mughlai, Desserts",Indiranagar
55,https://www.zomato.com/bangalore/biergarten-whitefield/info,Biergarten,4.6,"₹2,500 for two","Continental, European, BBQ, Chinese, Asian, Beverages",Whitefield
56,https://www.zomato.com/bangalore/hokkaido-japanese-korean-restaurants-indiranagar-bangalore/info,Hokkaido Japanese & Korean Restaurants,4.2,"₹2,000 for two","Japanese, Korean",Indiranagar
57,https://www.zomato.com/bangalore/fox-in-the-field-whitefield-bangalore/info,Fox In The Field,4.2,"₹2,000 for two","Modern Indian, Continental, North Indian, Pizza, American, Italian, Desserts, Beverages","Forum Shantiniketan Mall, Whitefield"
58,https://www.zomato.com/bangalore/daddy-indiranagar-bangalore/info,Daddy,4.3,"₹1,700 for two","Continental, North Indian, Asian, Italian, Chinese, European, Bar Food, Beverages",Indiranagar
59,https://www.zomato.com/bangalore/tyd-1-hennur-bangalore/info,TYD,4.4,"₹1,900 for two","Asian, European, Sushi, Continental, Italian, Mexican, Beverages, Desserts",Hennur
60,https://www.zomato.com/bangalore/feast-sheraton-grand-bangalore-hotel-at-brigade-gateway-malleshwaram-bangalore/info,Feast - Sheraton Grand Bangalore Hotel at Brigade Gateway,4.2,"₹3,500 for two","North Indian, Continental, Fast Food, Asian, Beverages",Sheraton Grand Bangalore Hotel at Brigade Gateway
61,https://www.zomato.com/bangalore/street-1522-sarjapur-road-bangalore/info,Street 1522,4.3,"₹2,200 for two","North Indian, Asian, Seafood, Continental, Mughlai, Kebab, Street Food, Beverages",Sarjapur Road
62,https://www.zomato.com/bangalore/bhangra-bistro-indiranagar-bangalore/info,Bhangra Bistro,4.2,"₹1,000 for two","North Indian, Mughlai, Desserts",Indiranagar
63,https://www.zomato.com/bangalore/pangeo-brigade-road-bangalore/info,Pangeo,4.5,"₹3,500 for two","Sushi, Continental, Mediterranean, Pizza, Pasta, North Indian, Desserts, Asian",Forum Rex Walk
64,https://www.zomato.com/bangalore/hokkaido-japanese-korean-restaurants-indiranagar-bangalore/info,Hokkaido Japanese & Korean Restaurants,4.2,"₹2,000 for two","Japanese, Korean",Indiranagar
65,https://www.zomato.com/bangalore/toit-indiranagar/info,Toit,4.9,"₹2,500 for two","Italian, American, European, Continental, Desserts",Indiranagar
66,https://www.zomato.com/bangalore/xoox-brewmill-koramangala-5th-block-bangalore/info,XOOX Brewmill,4.3,"₹2,500 for two","North Indian, Continental, American, Italian, Asian, Modern Indian, Pizza, Desserts",Koramangala 5th Block
67,https://www.zomato.com/bangalore/tbc-sky-lounge-hsr-bangalore/info,TBC- Sky Lounge,4.5,"₹1,500 for two","Continental, Italian, Asian, North Indian, South Indian, Biryani, Desserts, Beverages",HSR
68,https://www.zomato.com/bangalore/terrace-by-house-of-commons-jp-nagar-bangalore/info,Terrace By House Of Commons,4.6,"₹2,000 for two","Modern Indian, Continental, Asian, Chinese, North Indian, Seafood, Bar Food, Beverages",JP Nagar
69,https://www.zomato.com/bangalore/gold-rush-brews-kr-puram-bangalore/info,Gold Rush Brews,4.4,"₹1,900 for two","North Indian, Italian, Asian, Continental, American, South Indian, Beverages, Desserts",KR Puram
70,https://www.zomato.com/bangalore/cafe-grey-by-dongle-co-indiranagar-bangalore/info,Cafe Grey By Dongle & Co,4.4,"₹1,200 for two","Cafe, Coffee, Beverages, Continental, Pizza, Italian, Salad, Desserts",Indiranagar
71,https://www.zomato.com/bangalore/zodiac-bar-kitchen-brookefield-bangalore/info,Zodiac Bar & Kitchen,4.3,"₹1,800 for two","Continental, North Indian, Pizza, Italian, Chinese, Fast Food, Biryani, Desserts",Brookefield
72,https://www.zomato.com/bangalore/shokudo-jayanagar-bangalore/info,Shokudo,4.0,"₹1,500 for two","Japanese, Thai, Chinese, Asian, Sushi, Desserts, Beverages, Korean",Jayanagar
73,https://www.zomato.com/bangalore/boho-brookefield-bangalore/info,Boho,4.1,"₹2,500 for two","Bar Food, North Indian, Continental, Asian, Desserts, Beverages","Brookefields Mall, Brookefield"
74,https://www.zomato.com/bangalore/the-weekly-brewhouse-kitchen-5-hosur-road-bangalore/info,The Weekly Brewhouse & Kitchen,4.4,"₹1,500 for two","Continental, Bar Food, Chinese, North Indian, Pasta, Pizza, Biryani, Beverages",Hosur Road
75,https://www.zomato.com/bangalore/the-watering-hole-btm-bangalore/info,The Watering Hole,New,"₹1,400 for two","Continental, North Indian, European, Asian, Desserts, Beverages",BTM
76,https://www.zomato.com/bangalore/kari-theory-namma-bar-kitchen-ulsoor-bangalore/info,Kari Theory - Namma Bar & Kitchen,4.1,"₹3,500 for two","Chinese, North Indian, Biryani, Asian, Fast Food, Beverages","Radisson Bangalore City Centre, Ulsoor"
77,https://www.zomato.com/bangalore/orah-brew-garden-yelahanka-bangalore/info,Orah Brew Garden,4.2,"₹1,300 for two","Asian, Continental, Desserts, European, Modern Indian",Yelahanka
78,https://www.zomato.com/bangalore/geometry-brewery-kitchen-malleshwaram-bangalore/info,Geometry Brewery & Kitchen,4.2,"₹1,800 for two","Chinese, North Indian, Italian, Continental, Pizza, Desserts, Beverages",Malleshwaram
79,https://www.zomato.com/bangalore/indian-biere-house-jp-nagar-bangalore/info,Indian Biere House,4.4,"₹2,500 for two","Continental, Mediterranean, North Indian, Asian, Bar Food, Italian, Desserts, Beverages",JP Nagar
80,https://www.zomato.com/bangalore/chowman-indiranagar-bangalore/info,Chowman,4.5,"₹1,400 for two","Chinese, Thai, Asian, Seafood, Sichuan, Desserts, Beverages",Indiranagar
81,https://www.zomato.com/bangalore/hoot-sarjapur-road/info,Hoot,4.2,"₹2,000 for two","Continental, Italian, North Indian, Beverages",Sarjapur Road
82,https://www.zomato.com/bangalore/k-os-thegamebar-koramangala-7th-block-bangalore/info,K-OS TheGameBar,4.4,"₹1,700 for two","Continental, Italian, North Indian, Finger Food, Asian, Fast Food",Koramangala 7th Block
83,https://www.zomato.com/bangalore/the-scene-craft-kitchen-bar-jp-nagar-bangalore/info,The Scene - Craft Kitchen & Bar,4.2,"₹1,500 for two","North Indian, Continental, Asian, Desserts, Beverages",JP Nagar
84,https://www.zomato.com/bangalore/ministry-of-food-hilton-bangalore-embassy-golflinks-domlur-bangalore/info,Ministry of Food - Hilton Bangalore Embassy GolfLinks,3.9,"₹3,500 for two","Asian, Continental, Italian, North Indian, Mughlai, Desserts, Beverages","Hilton Bangalore Embassy GolfLinks, Domlur"
85,https://www.zomato.com/bangalore/oyster-bar-kitchen-hsr-bangalore/info,Oyster Bar & Kitchen,4.5,"₹1,600 for two","Continental, Bar Food, Chinese, North Indian, Beverages, Desserts",HSR
86,https://www.zomato.com/bangalore/dhaba-estd-1986-delhi-indiranagar-bangalore/info,Dhaba - Estd 1986 Delhi,4.2,"₹1,500 for two","North Indian, Mughlai, Desserts, Paan",Indiranagar
87,https://www.zomato.com/bangalore/flo-church-street-bangalore/info,Flo,4.2,"₹1,900 for two","Asian, Thai, Continental, Finger Food, Sushi, Desserts, Beverages",Church Street
88,https://www.zomato.com/bangalore/the-terrace-at-gillys-redefined-koramangala-4th-block/info,The Terrace at Gilly's Redefined,4.4,"₹2,000 for two","Continental, Finger Food, Chinese, North Indian, Italian, Beverages, Desserts","Gilly's Redefined, Koramangala 4th Block"
89,https://www.zomato.com/bangalore/nevermind-bar-social-indiranagar-bangalore/info,Nevermind - Bar & Social,4.1,"₹1,800 for two","Bar Food, North Indian, Chinese, Continental, Burger",Indiranagar
90,https://www.zomato.com/bangalore/1131-bar-kitchen-by-house-of-commons-indiranagar-bangalore/info,1131 Bar + Kitchen By House Of Commons,4.5,"₹2,200 for two","Finger Food, North Indian, Continental, Chinese, Italian, Asian, Desserts, Beverages",Indiranagar
91,https://www.zomato.com/bangalore/hashtag-88-marathahalli-bangalore/info,Hashtag 88,4.3,"₹1,400 for two","Asian, Chinese, Salad, North Indian, Fast Food, Biryani, Desserts",Marathahalli
92,https://www.zomato.com/bangalore/plan-b-x-hangover-hsr-bangalore/info,Plan B X Hangover,4.1,"₹2,000 for two","American, Burger, Pizza, Continental, Bar Food, Desserts, Beverages",HSR
93,https://www.zomato.com/bangalore/hitchki-sarjapur-road-bangalore/info,Hitchki,4.2,"₹1,900 for two","Bar Food, Continental, North Indian, Asian, Biryani, Desserts",Sarjapur Road
94,https://www.zomato.com/bangalore/amintiri-church-street-bangalore/info,Amintiri,4.4,"₹1,100 for two","Desserts, Bakery, Fast Food, Beverages, Pasta, Italian, Cafe, Finger Food",Church Street
95,https://www.zomato.com/bangalore/candles-brewhouse-hebbal-bangalore/info,Candles  Brewhouse,4.3,"₹2,500 for two","Italian, Continental, American, Pizza, North Indian",RMZ Azure
96,https://www.zomato.com/bangalore/brahma-brews-jp-nagar-bangalore/info,Brahma Brews,4.5,"₹2,500 for two","Asian, North Indian, South Indian",JP Nagar
97,https://www.zomato.com/bangalore/gawky-goose-airport-road-bangalore/info,Gawky Goose,4.4,"₹2,200 for two","Italian, Biryani, North Indian, Fast Food, Seafood, Asian, Desserts, Beverages",Old Airport Road
98,https://www.zomato.com/bangalore/bumblebee-brauhaus-indiranagar-bangalore/info,BumbleBee Brauhaus,3.6,"₹2,600 for two","Thai, Chinese, South Indian, Continental, North Indian, Italian, Desserts, Beverages",Indiranagar
99,https://www.zomato.com/bangalore/jugni-kitchen-bar-koramangala-5th-block-bangalore/info,Jugni Kitchen & Bar,4.5,"₹1,600 for two","North Indian, Modern Indian, Bar Food",Koramangala 5th Block
100,https://www.zomato.com/bangalore/white-garden-kalyan-nagar-bangalore/info,White Garden,4.2,"₹1,600 for two","North Indian, Italian, Lebanese, Asian, Continental, Desserts",Kalyan Nagar
101,https://www.zomato.com/bangalore/brother-barley-brewing-company-hsr-bangalore/info,Brother Barley Brewing Company,4.2,"₹1,800 for two","Finger Food, Continental, North Indian, Chinese, Italian, Beverages, Desserts",HSR
102,https://www.zomato.com/bangalore/the-fixx-1-koramangala-4th-block-bangalore/info,The Fixx,4.1,"₹1,800 for two","North Indian, Continental, Chinese, Seafood, Pasta, Pizza, Biryani, Beverages",Koramangala 4th Block
103,https://www.zomato.com/bangalore/deck-of-brews-kadubeesanahalli-bangalore/info,Deck Of Brews,4.3,"₹1,500 for two","Continental, North Indian, Italian, Asian, Desserts, Pizza, Pasta, South Indian",Kadubeesanahalli
104,https://www.zomato.com/bangalore/omega-ix-cocktail-bar-and-global-kitchen-sahakara-nagar-bangalore/info,Omega IX Cocktail Bar And Global Kitchen,4.5,"₹1,800 for two","North Indian, Continental, Asian, Sushi, Italian, Desserts, Beverages",Sahakara Nagar
105,https://www.zomato.com/bangalore/aurum-brew-works-sarjapur-road-bangalore/info,Aurum Brew Works,4.3,"₹1,500 for two","North Indian, Mughlai, Continental, Asian, Beverages, Desserts",Sarjapur Road
106,https://www.zomato.com/bangalore/skyline-rooftop-bar-kitchen-marathahalli-bangalore/info,Skyline Rooftop Bar & Kitchen,4.4,"₹1,800 for two","Chinese, Italian, Fast Food, North Indian, Kebab, Biryani, Continental, Beverages",Livin Hub Hotel
107,https://www.zomato.com/bangalore/punjab-grill-whitefield-bangalore/info,Punjab Grill,4.4,"₹2,000 for two","North Indian, Kebab, Biryani, Desserts, Beverages","Forum Shantiniketan Mall, Whitefield"
108,https://www.zomato.com/bangalore/cocobolo-new-bel-road-bangalore/info,Cocobolo,4.3,"₹1,000 for two","Bar Food, North Indian, Continental, Italian, Chinese, BBQ, Desserts, Beverages",New BEL Road
109,https://www.zomato.com/bangalore/hitchki-kr-puram-bangalore/info,Hitchki,4.3,"₹2,000 for two","North Indian, Chinese, Continental, Biryani, Finger Food, Bar Food, Desserts, Beverages","Phoenix Marketcity Bangalore, Whitefield"
110,https://www.zomato.com/bangalore/burma-burma-indiranagar-indiranagar-bangalore/info,Burma Burma - Indiranagar,4.8,"₹1,800 for two","Burmese, Asian, Salad, Bubble Tea, Ice Cream, Desserts",Indiranagar
111,https://www.zomato.com/bangalore/geometry-gastropub-new-bel-road-bangalore/info,Geometry Gastropub,4.4,"₹1,600 for two","Continental, North Indian, Chinese, Mughlai, Biryani, Desserts, Beverages",New BEL Road
112,https://www.zomato.com/bangalore/plan-b-koramangala-7th-block-bangalore/info,Plan B,4.0,"₹1,600 for two","American, Continental, Burger, Pizza, Tex-Mex, Fast Food",Koramangala 7th Block
113,https://www.zomato.com/bangalore/the-soda-factory-nagarbhavi-bangalore/info,The Soda Factory,4.3,"₹1,100 for two","North Indian, Chinese, Pasta, Pizza, Fast Food, Biryani, Desserts, Beverages",Nagarbhavi
114,https://www.zomato.com/bangalore/the-groot-jakkur-bangalore/info,The Groot,3.8,"₹1,000 for two","Italian, North Indian, Chinese, Burger, Pasta, Pizza, Salad, Desserts",Bhartiya Mall of Bengaluru
115,https://www.zomato.com/bangalore/the-pump-house-1-jp-nagar-bangalore/info,The Pump House,4.4,"₹2,500 for two","Continental, Chinese, North Indian, Italian, Asian, Salad, Pizza, Desserts",JP Nagar
116,https://www.zomato.com/bangalore/sashay-taproom-kitchen-whitefield-bangalore/info,Sashay-Taproom Kitchen,4.8,"₹2,000 for two","Asian, Modern Indian, Continental, Sushi, North Indian, Chinese, Desserts, Beverages",Whitefield
117,https://www.zomato.com/bangalore/toca-koramangala-5th-block-bangalore/info,Toca,4.2,"₹1,400 for two","Chinese, Fast Food, Steak, Pasta, Asian, Biryani, Desserts",Koramangala 5th Block
118,https://www.zomato.com/bangalore/levels-pub-kitchen-jp-nagar-bangalore/info,Levels Pub & Kitchen,4.4,"₹1,700 for two","Asian, South Indian, North Indian",JP Nagar
119,https://www.zomato.com/bangalore/badmaash-lavelle-road-bangalore/info,Badmaash,4.3,"₹1,800 for two","North Indian, South Indian, Mughlai, Kebab, Chinese, Biryani, Desserts",UB City
120,https://www.zomato.com/bangalore/brooks-and-bonds-brewery-koramangala-5th-block-bangalore/info,Brooks And Bonds Brewery,4.2,"₹2,000 for two","Continental, American, North Indian, Italian, Fast Food, Beverages, Desserts",Koramangala 5th Block
121,https://www.zomato.com/bangalore/flechazo-1-marathahalli-bangalore/info,Flechazo,4.3,"₹1,000 for two","North Indian, Chinese, Pizza, Continental, Fast Food, Desserts, Shake, Beverages",Marathahalli
122,https://www.zomato.com/bangalore/bologna-indiranagar-bangalore/info,Bologna,4.8,"₹1,500 for two","Italian, Pasta, Pizza, Desserts",Indiranagar
123,https://www.zomato.com/bangalore/tim-hortons-koramangala-8th-block-bangalore/info,Tim Hortons,4.2,"₹1,000 for two","Coffee, Cafe, Continental, Sandwich, Fast Food, Salad, Beverages, Desserts",Koramangala 8th Block
124,https://www.zomato.com/bangalore/daysie-all-day-casual-bar-mg-road-bangalore/info,Daysie - All Day Casual Bar,4.4,"₹1,300 for two","North Indian, Italian, Continental, Asian, Chinese, Bar Food, Desserts",MG Road
125,https://www.zomato.com/bangalore/the-reservoire-koramangala-5th-block/info,The Reservoire,4.4,"₹2,000 for two","North Indian, Biryani, Asian, Italian, Continental, Bar Food, Desserts, Beverages",Koramangala 5th Block
126,https://www.zomato.com/bangalore/yuki-indiranagar-bangalore/info,Yuki,4.5,"₹1,600 for two","Asian, Japanese, Sushi, Thai, Chinese, Salad, Desserts",Indiranagar
127,https://www.zomato.com/bangalore/communiti-brigade-road-bangalore/info,Communiti,4.5,"₹1,800 for two","American, Continental, European, Italian, Oriental, Burger, Beverages",Brigade Road
128,https://www.zomato.com/bangalore/full-circle-rajarajeshwari-nagar-bangalore/info,Full Circle,4.1,"₹1,504 for two",North Indian,Rajarajeshwari Nagar
129,https://www.zomato.com/bangalore/barrys-sky-lounge-kalyan-nagar-bangalore/info,Barrys Sky Lounge,4.3,"₹1,000 for two","Chinese, North Indian, Oriental, Mughlai, Biryani",Kalyan Nagar
130,https://www.zomato.com/bangalore/grazers-resto-bar-jayanagar-bangalore/info,Grazers Resto - Bar,4.2,"₹1,200 for two","North Indian, Salad, Continental, Burger, Pizza, Fast Food, Asian, Bar Food",Jayanagar
131,https://www.zomato.com/bangalore/house-of-commons-hsr-bangalore/info,House Of Commons,4.5,"₹1,200 for two","Bar Food, Fast Food, North Indian, Continental, Seafood, Italian, Chinese, Desserts",HSR
132,https://www.zomato.com/bangalore/dobaraa-kr-puram-bangalore/info,Dobaraa,4.3,"₹1,200 for two","Continental, North Indian, Salad, Desserts","Phoenix Marketcity Bangalore, Whitefield"
133,https://www.zomato.com/bangalore/proxy-marathahalli-bangalore/info,Proxy,4.4,"₹1,200 for two","Finger Food, Street Food, Pasta, Bar Food, Desserts",Marathahalli
134,https://www.zomato.com/bangalore/backstreet-brewery-sarjapur-road-bangalore/info,Backstreet Brewery,4.4,"₹1,800 for two","Italian, Bar Food, Pizza, North Indian, Asian, Desserts, Beverages",Sarjapur Road
135,https://www.zomato.com/bangalore/horizon-1-malleshwaram-bangalore/info,Horizon,4.5,"₹3,000 for two","Chinese, Japanese, Asian, Salad, Thai, Desserts, Beverages",World Trade Center
136,https://www.zomato.com/bangalore/gillys-restobar-bannerghatta-road-bangalore/info,Gilly's Restobar,4.3,"₹2,000 for two","North Indian, European, Bar Food, Italian, Fast Food, Desserts, Beverages",Bannerghatta Road
137,https://www.zomato.com/bangalore/geist-brewing-co-old-madras-road-bangalore/info,Geist Brewing Co.,4.2,"₹1,700 for two","American, Pizza, Italian, Fast Food, North Indian, Pasta, Desserts, Beverages",Old Madras Road
138,https://www.zomato.com/bangalore/chianti-kanakapura-road-bangalore/info,Chianti,4.9,"₹1,800 for two","Italian, Pizza, Pasta, Desserts","Forum Falcon City Mall, Kanakapura Roaad"
139,https://www.zomato.com/bangalore/geist-brewing-co-jakkur-bangalore/info,Geist Brewing Co.,4.3,"₹1,800 for two","Continental, Italian, North Indian, South Indian, Bar Food, Beverages",Bhartiya Mall of Bengaluru
140,https://www.zomato.com/bangalore/inanna-tap-room-bannerghatta-road-bangalore/info,Inanna Tap Room,4.3,"₹2,000 for two","Chinese, North Indian, Burger, Pizza, Italian, Desserts",Bannerghatta Road
141,https://www.zomato.com/bangalore/you-mee-malleshwaram-bangalore/info,You Mee,4.4,"₹2,200 for two","Asian, Sushi, Japanese, Chinese, Desserts, Beverages","Orion Mall, Malleshwaram"
142,https://www.zomato.com/bangalore/ishaara-kr-puram-bangalore/info,Ishaara,4.5,"₹2,500 for two","North Indian, Mughlai, Kebab, Biryani","Phoenix Marketcity Bangalore, Whitefield"
143,https://www.zomato.com/bangalore/feast-sheraton-grand-bengaluru-whitefield-hotel-convention-centre-whitefield-bangalore/info,Feast - Sheraton Grand Bengaluru Whitefield Hotel & Convention Centre,4.3,"₹3,500 for two","Continental, South Indian, North Indian, Desserts, Beverages","Sheraton Grand Bengaluru, Whitefield"
144,https://www.zomato.com/bangalore/jw-kitchen-jw-marriott-bengaluru-lavelle-road/info,JW Kitchen - JW Marriott Bengaluru,4.2,"₹5,000 for two","North Indian, Continental, Mughlai, Beverages, Desserts","JW Marriott Bengaluru, Lavelle Road"
145,https://www.zomato.com/bangalore/chilis-american-grill-bar-rajajinagar-bangalore/info,Chili's American Grill & Bar,4.3,"₹1,800 for two","Continental, Mexican, American, Italian, Desserts, Beverages","Orion Mall, Malleshwaram"
146,https://www.zomato.com/bangalore/suku-japanese-and-thai-restaurant-hsr-bangalore/info,Suku Japanese And Thai Restaurant,4.7,₹800 for two,"Japanese, Thai, Sushi, Salad, Desserts, Beverages",HSR
147,https://www.zomato.com/bangalore/abs-absolute-barbecues-marathahalli/info,AB's - Absolute Barbecues,4.5,"₹1,850 for two","Biryani, BBQ, Kebab, North Indian, Desserts",Marathahalli
148,https://www.zomato.com/bangalore/north-star-cafe-hsr-bangalore/info,North Star Cafe,4.2,₹800 for two,"Cafe, Bakery, Beverages, Desserts, Continental, Healthy Food",HSR
149,https://www.zomato.com/bangalore/shelby-rooftop-taproom-kitchen-nagarbhavi-bangalore/info,Shelby Rooftop Taproom & Kitchen,4.2,"₹1,400 for two","Asian, North Indian",Nagarbhavi
150,https://www.zomato.com/bangalore/pincode-24-bar-bistro-hebbal-bangalore/info,Pincode 24 Bar & Bistro,New,"₹1,000 for two","Bar Food, Continental, North Indian, Burger, Sandwich, Panini, Beverages",Hebbal
151,https://www.zomato.com/bangalore/hangover-brewery-koramangala-7th-block-bangalore/info,Hangover Brewery,4.0,"₹2,000 for two","Continental, North Indian, Chinese, Finger Food, Burger, Pizza, Desserts",Koramangala 7th Block
152,https://www.zomato.com/bangalore/the-irish-house-bellandur/info,The Irish House,4.2,"₹2,000 for two","European, American, Italian, BBQ, Beverages, Desserts","RMZ Ecoworld, Bellandur"
153,https://www.zomato.com/bangalore/gatsby-bannerghatta-road-bangalore/info,Gatsby,4.4,"₹2,500 for two","Finger Food, Healthy Food, North Indian, Asian, Sushi, Chinese, South Indian, Pizza",Bannerghatta Road
154,https://www.zomato.com/bangalore/the-13th-floor-mg-road-bangalore/info,The 13th Floor,4.3,"₹2,500 for two","North Indian, Asian, Kebab, Chinese, Salad, Beverages, Desserts",Barton Centre
155,https://www.zomato.com/bangalore/umbaa-pub-and-kitchen-1-itpl-main-road-whitefield-bangalore/info,Umbaa Pub And Kitchen,4.5,"₹1,500 for two","Bar Food, North Indian, Mughlai, Continental, Beverages","ITPL Main Road, Whitefield"
156,https://www.zomato.com/bangalore/21st-amendment-gastrobar-indiranagar-bangalore/info,21st Amendment Gastrobar,4.3,"₹1,700 for two","North Indian, Fast Food, Chinese, Bar Food, Sichuan, Beverages",Indiranagar
157,https://www.zomato.com/bangalore/foxtrot-marathahalli-bangalore/info,Foxtrot,4.2,"₹1,900 for two","North Indian, Mughlai, Biryani, Desserts, Beverages",Marathahalli
158,https://www.zomato.com/bangalore/public-the-rooftop-bar-and-kitchen-bannerghatta-road-bangalore/info,Public - The Rooftop Bar And Kitchen,4.1,"₹1,200 for two","North Indian, Biryani, Oriental, Pizza, Continental",Bannerghatta Road
159,https://www.zomato.com/bangalore/garden-city-beer-collective-yelahanka-bangalore/info,Garden City Beer Collective,4.3,"₹2,000 for two","Pizza, Continental, Sushi, Asian, South Indian, Pasta, Desserts",Yelahanka
160,https://www.zomato.com/bangalore/masala-mandi-sarjapur-road-bangalore/info,Masala Mandi,4.3,"₹1,800 for two","North Indian, BBQ, Biryani, Desserts, Beverages, Mughlai",Sarjapur Road
161,https://www.zomato.com/bangalore/salt-indian-restaurant-bar-grill-koramangala-7th-block-bangalore/info,Salt - Indian Restaurant Bar & Grill,4.7,"₹1,800 for two","North Indian, Rolls, Mughlai, Seafood, Biryani, Kebab, Desserts, Beverages","Nexus, Koramangala"
162,https://www.zomato.com/bangalore/big-pitcher-sarjapur-road-bangalore/info,Big Pitcher,4.5,"₹1,800 for two","North Indian, Continental, Mughlai, Chinese, Italian, Biryani, Desserts, Beverages",Sarjapur Road
163,https://www.zomato.com/bangalore/the-big-barbeque-marathahalli-bangalore/info,The Big Barbeque,4.4,"₹2,000 for two","BBQ, Pizza, North Indian, Pasta, Desserts, Beverages",Marathahalli
164,https://www.zomato.com/bangalore/elysium-by-stories-sarjapur-road-bangalore/info,Elysium By Stories,4.3,"₹1,600 for two","South Indian, North Indian, Fast Food, Oriental",Sarjapur Road
165,https://www.zomato.com/bangalore/stories-bar-kitchen-jp-nagar-bangalore/info,Stories Bar & Kitchen,4.3,"₹1,800 for two","Bar Food, Chinese, North Indian, Italian, Pizza, Seafood, Desserts",JP Nagar
166,https://www.zomato.com/bangalore/peepai-3-hebbal-bangalore/info,Peepai,4.5,"₹2,500 for two","North Indian, Pizza, Chinese, European, Bar Food, Biryani, Desserts, Beverages",Hebbal
167,https://www.zomato.com/bangalore/homiga-brigade-road-bangalore/info,Homiga,4.1,"₹1,500 for two","Korean, Asian",Forum Rex Walk
168,https://www.zomato.com/bangalore/altitude-kitchen-bar-basaveshwara-nagar-bangalore/info,Altitude Kitchen & Bar,4.2,"₹1,800 for two","Chinese, Seafood, North Indian, Kebab, Pizza, Finger Food, Biryani, Desserts",Basaveshwara Nagar
169,https://www.zomato.com/bangalore/cha-cha-cha-dimsum-sushi-stir-fry-whitefield-bangalore/info,"Cha Cha Cha - Dimsum, Sushi, Stir Fry",4.2,"₹2,500 for two","Asian, Chinese","Phoenix Marketcity Bangalore, Whitefield"
170,https://www.zomato.com/bangalore/bistro-claytopia-koramangala-1st-block/info,Bistro Claytopia,3.7,"₹1,100 for two","Cafe, American, Italian, Modern Indian, Continental, Desserts, Beverages",Koramangala 1st Block
171,https://www.zomato.com/bangalore/fennys-lounge-and-kitchen-koramangala-7th-block/info,Fenny's Lounge And Kitchen,4.5,"₹1,900 for two","Mediterranean, Continental, Italian, Desserts, Beverages",Koramangala 7th Block
172,https://www.zomato.com/bangalore/the-hole-in-the-wall-cafe-koramangala-4th-block-bangalore/info,The Hole In The Wall Cafe,4.4,₹700 for two,"Cafe, Continental, Burger, Sandwich, Shake, Beverages, Desserts",Koramangala 4th Block
173,https://www.zomato.com/bangalore/windmills-1-whitefield-bangalore/info,Windmills,4.8,"₹3,500 for two","Continental, North Indian, Mughlai, Kebab, Desserts",Craftworks
174,https://www.zomato.com/bangalore/bombay-adda-koramangala-7th-block-bangalore/info,Bombay Adda,4.2,"₹2,000 for two","Continental, North Indian, Asian, Pizza, Fast Food, Kebab, Desserts, Beverages",Koramangala 7th Block
175,https://www.zomato.com/bangalore/la-casa-brewery-and-kitchen-sarjapur-road-bangalore/info,La Casa Brewery And Kitchen,4.3,"₹2,000 for two","Continental, North Indian, Mughlai, Chinese, Finger Food, Steak, Desserts, Beverages",Sarjapur Road
176,https://www.zomato.com/bangalore/153-biere-street-whitefield-bangalore/info,153 Biere Street,4.2,"₹2,000 for two","Asian, Continental, North Indian, Malaysian, Italian, Desserts",Whitefield
177,https://www.zomato.com/bangalore/ouro-brigade-road-bangalore/info,Ouro,New,"₹3,000 for two","European, Mexican, Desserts",Forum Rex Walk
178,https://www.zomato.com/bangalore/aromas-of-biryani-1-jayanagar-bangalore/info,Aromas Of Biryani,4.3,"₹1,000 for two","Biryani, North Indian, South Indian",Jayanagar
179,https://www.zomato.com/bangalore/dishkeyaun-1-brigade-road-bangalore/info,Dishkeyaun,4.0,"₹2,000 for two","Modern Indian, Biryani, Desserts",Forum Rex Walk
180,https://www.zomato.com/bangalore/asia-alive-doubletree-suites-by-hilton-sarjapur-road-bangalore/info,Asia Alive - DoubleTree Suites By Hilton,3.9,"₹3,500 for two","North Indian, South Indian, Chinese, Thai, Italian, Burger, Sandwich, Beverages","DoubleTree Suites By Hilton, Sarjapur"
181,https://www.zomato.com/bangalore/spettacolare-indiranagar-bangalore/info,Spettacolare,3.9,"₹1,000 for two","Italian, Pizza, Pasta",Indiranagar
182,https://www.zomato.com/bangalore/dyu-art-cafe-koramangala-8th-block-bangalore/info,Dyu Art Cafe,4.3,₹850 for two,"Cafe, Continental, Burger, Sandwich, Pizza, Fast Food, Desserts, Beverages",Koramangala 8th Block
183,https://www.zomato.com/bangalore/khmer-kitchen-jp-nagar-bangalore/info,Khmer Kitchen,4.6,"₹2,500 for two","Chinese, Asian, Thai, Japanese",JP Nagar
184,https://www.zomato.com/bangalore/aromas-hyderabad-house-marathahalli-bangalore/info,Aroma's Hyderabad House,4.2,₹950 for two,"Hyderabadi, Biryani, North Indian, Mughlai, Chinese, Seafood, Kebab, Beverages",Marathahalli
185,https://www.zomato.com/bangalore/kathpals-bannerghatta-road-bangalore/info,Kathpal's,4.3,"₹1,000 for two","North Indian, Chinese, Biryani, Street Food, Desserts, Beverages","Vega City, Bannerghatta Road"
186,https://www.zomato.com/bangalore/the-peak-2-sahakara-nagar-bangalore/info,The Peak,4.3,"₹1,000 for two","Continental, Mangalorean",Sahakara Nagar
187,https://www.zomato.com/bangalore/lord-of-the-drinks-1-whitefield-bangalore/info,Lord Of The Drinks,4.0,"₹1,700 for two","Finger Food, Continental, European, North Indian, Italian, Asian, Sichuan","Phoenix Marketcity Bangalore, Whitefield"
188,https://www.zomato.com/bangalore/blink-by-zoca-whitefield-bangalore/info,Blink by Zoca,3.9,"₹1,500 for two","North Indian, Chinese, Thai, Continental",Whitefield
189,https://www.zomato.com/bangalore/thelagram-jp-nagar-bangalore/info,Thelagram,New,₹800 for two,"North Indian, Street Food, Desserts, Beverages",JP Nagar
190,https://www.zomato.com/ArborBrewIndia/info,Arbor Brewing Company,4.6,"₹1,800 for two","American, Continental, Fast Food, Beverages",Brigade Road
191,https://www.zomato.com/bangalore/toscano-varthur-main-road-whitefield-bangalore/info,Toscano,4.6,"₹1,800 for two","Italian, Pizza, Pasta, Continental, Desserts, Steak, Seafood, Beverages","Varthur Main Road, Whitefield"
192,https://www.zomato.com/bangalore/paragon-restaurant-since-1939-st-marks-road-bangalore/info,Paragon Restaurant - Since 1939,4.0,"₹1,000 for two","Kerala, Oriental, South Indian, Chinese, Seafood, Desserts, Beverages",1 Sobha
193,https://www.zomato.com/bangalore/sstella-asian-kitchen-and-bar-bannerghatta-road-bangalore/info,Sstella Asian Kitchen And Bar,4.5,"₹1,000 for two","Asian, Chinese, Desserts, Beverages","Royal Meenakshi Mall, Bannerghatta Road"
194,https://www.zomato.com/bangalore/shiro-lavelle-road/info,Shiro,4.1,"₹3,500 for two","Japanese, Sushi, Asian, Desserts, Thai, Korean, Cantonese, Vietnamese",UB City
195,https://www.zomato.com/bangalore/vapour-brewpub-and-diner-sarjapur-road-bangalore/info,Vapour Brewpub And Diner,4.3,"₹2,200 for two","North Indian, Continental, Italian, European, Biryani, Salad, Desserts, Beverages",Sarjapur Road
196,https://www.zomato.com/bangalore/154-breakfast-club-koramangala-4th-block-bangalore/info,154 Breakfast Club,3.9,"₹1,100 for two","Burger, Cafe, Sandwich, Street Food, Fast Food, Pancake, Asian, Desserts",Koramangala 4th Block
197,https://www.zomato.com/bangalore/1522-the-pub-jp-nagar-bangalore/info,1522 - The Pub,4.4,"₹1,800 for two","Chinese, North Indian, Mughlai, Finger Food, Seafood",JP Nagar
198,https://www.zomato.com/bangalore/we-neighborhood-brigade-road-bangalore/info,We: Neighborhood,4.4,"₹1,400 for two","European, American, North Indian, Burger, Pizza, Desserts, Beverages",Brigade Road
199,https://www.zomato.com/bangalore/district-6-pub-brewery-kitchen-malleshwaram-bangalore/info,District 6 Pub Brewery & Kitchen,4.5,"₹2,500 for two","North Indian, Pizza, Italian, Bar Food, Continental, Asian, Desserts",Malleshwaram
200,https://www.zomato.com/bangalore/the-fishermans-wharf-sarjapur-road/info,The Fisherman's Wharf,4.1,"₹1,900 for two","North Indian, Chinese, Seafood, Goan, Finger Food, Continental, Desserts, Beverages",Sarjapur Road
201,https://www.zomato.com/bangalore/torye-drink-dine-dance-rajarajeshwari-nagar-bangalore/info,"Torye Drink, Dine & Dance",3.8,"₹2,000 for two",Continental,Rajarajeshwari Nagar
202,https://www.zomato.com/bangalore/big-barrel-brewpub-rajarajeshwari-nagar-bangalore/info,Big Barrel BrewPub,4.3,"₹2,000 for two","Chinese, Salad, North Indian, Oriental, Mexican, Italian, Continental, Beverages",Rajarajeshwari Nagar
203,https://www.zomato.com/bangalore/babylonia-global-food-cocktails-koramangala-7th-block-bangalore/info,Babylonia - Global Food & Cocktails,4.6,"₹1,500 for two","Continental, North Indian, Asian, Italian, Mughlai, Mediterranean, Bar Food, Desserts",Koramangala 7th Block
204,https://www.zomato.com/bangalore/bhola-blonde-indiranagar-bangalore/info,Bhola & Blonde,4.0,"₹1,900 for two","North Indian, Lucknowi, Mughlai, Biryani, Fast Food, Desserts",Indiranagar
205,https://www.zomato.com/bangalore/monks-bar-social-1-btm-bangalore/info,Monk's Bar & Social,4.5,"₹1,000 for two","Bar Food, South Indian, Asian, European, Italian, North Indian, Desserts, Beverages",BTM
206,https://www.zomato.com/bangalore/sector-144-electronic-city-bangalore/info,Sector 144,4.4,"₹1,100 for two","North Indian, Chinese, Kebab, Mughlai, Italian, Fast Food, Desserts, Bar Food",Electronic City
207,https://www.zomato.com/bangalore/conçu-indiranagar-bangalore/info,Conçu,4.4,₹500 for two,"Cafe, Fast Food",Indiranagar
208,https://www.zomato.com/bangalore/lono-indiranagar-bangalore/info,Lono,4.2,"₹1,700 for two","Chinese, Italian, Continental, North Indian, Seafood, Pizza, Pasta, Fast Food",Indiranagar
209,https://www.zomato.com/bangalore/flyover-drinkery-hebbal-bangalore/info,Flyover Drinkery,4.4,"₹1,800 for two","Bar Food, Continental, Oriental, Asian, Pasta, North Indian, South Indian, Desserts","Esteem Mall, Hebbal"
210,https://www.zomato.com/bangalore/1947-rajarajeshwari-nagar/info,1947,3.6,"₹1,200 for two","North Indian, Desserts, Beverages",Rajarajeshwari Nagar
211,https://www.zomato.com/bangalore/rooftop-at-raw-koramangala-5th-block-bangalore/info,Rooftop at Raw,4.0,"₹1,200 for two","Continental, Italian, Mexican, Pizza, Pasta, Beverages",Koramangala 5th Block
212,https://www.zomato.com/bangalore/pasta-street-jp-nagar-bangalore/info,Pasta Street,4.4,"₹1,800 for two","Pasta, Pizza, Italian, Salad, Desserts, Beverages",JP Nagar
213,https://www.zomato.com/bangalore/jamavar-the-leela-palace-airport-road/info,Jamavar - The Leela Palace,4.3,"₹5,000 for two","North Indian, South Indian","The Leela Palace, Old Airport Road"
214,https://www.zomato.com/bangalore/quattro-the-leela-bhartiya-city-bengaluru-jakkur-bangalore/info,Quattro - The Leela Bhartiya City Bengaluru,4.2,"₹3,500 for two","North Indian, Mediterranean, European",The Leela - Bhartiya City
215,https://www.zomato.com/bangalore/barbecue-by-punjab-grill-malleshwaram-bangalore/info,Barbecue By Punjab Grill,4.3,"₹1,600 for two","BBQ, Mughlai, North Indian, Salad, Desserts","Mantri Square, Malleshwaram"
216,https://www.zomato.com/bangalore/lupa-mg-road-bangalore/info,LUPA,3.8,"₹5,000 for two","Mediterranean, European, Italian, Salad, Desserts, Beverages",MG Road
217,https://www.zomato.com/bangalore/tiamo-conrad-bengaluru-ulsoor/info,Tiamo - Conrad Bengaluru,4.0,"₹3,000 for two","Italian, Mediterranean, Fast Food","Conrad Bengaluru, Ulsoor"
218,https://www.zomato.com/bangalore/hakuna-matata-jp-nagar/info,Hakuna Matata,4.5,"₹1,700 for two","North Indian, Asian, Seafood, Chinese, Biryani, Fast Food, Desserts, Beverages",JP Nagar
219,https://www.zomato.com/bangalore/slay-coffee-bar-koramangala-5th-block-bangalore/info,Slay Coffee Bar,4.3,₹600 for two,"Cafe, Coffee, Beverages, Fast Food",Koramangala 5th Block
220,https://www.zomato.com/bangalore/down-town-tap-room-1-brigade-road-bangalore/info,Down Town Tap Room,4.6,"₹1,700 for two","Continental, Pizza, Burger, Fast Food, Biryani, Desserts, Bar Food, Beverages",Brigade Road
221,https://www.zomato.com/bangalore/neon-market-indiranagar-bangalore/info,Neon Market,New,"₹1,000 for two","Cafe, Coffee, Japanese, Tea, Beverages",Indiranagar
222,https://www.zomato.com/bangalore/mainland-china-church-street/info,Mainland China,4.4,"₹2,000 for two","Chinese, Sushi, Seafood, Asian, Japanese, Beverages",Church Street
223,https://www.zomato.com/bangalore/fias-lounge-richmond-road-bangalore/info,Fia's Lounge,4.2,"₹1,500 for two","Parsi, Lebanese, Beverages",Richmond Road
224,https://www.zomato.com/bangalore/öz-by-kebapci-lavelle-road-bangalore/info,Öz by Kebapci,4.6,"₹1,800 for two","Turkish, Mediterranean, Middle Eastern",UB City
225,https://www.zomato.com/bangalore/the-kind-roastery-brew-room-jp-nagar-bangalore/info,The Kind Roastery & Brew Room,4.5,₹500 for two,"Cafe, Coffee, Desserts, Asian, Pizza, Tea, Beverages, Pasta",JP Nagar
226,https://www.zomato.com/bangalore/kazé-1-lavelle-road-bangalore/info,Kazé,4.5,"₹3,500 for two","Japanese, Sushi, Thai, Asian",Lavelle Road
227,https://www.zomato.com/bangalore/kyba-sushi-dim-sums-more-sahakara-nagar-bangalore/info,Kyba- Sushi Dim Sums & More,4.7,"₹1,400 for two","Chinese, Thai, Sushi, Japanese, Asian, Seafood, Desserts",Sahakara Nagar
228,https://www.zomato.com/bangalore/the-kabab-studio-goldfinch-hotel-seshadripuram-bangalore/info,The Kabab Studio - Goldfinch Hotel,4.1,"₹1,800 for two","North Indian, Chinese, Continental, South Indian, Oriental, Italian, Kebab","Goldfinch Hotel, Seshadripuram"
229,https://www.zomato.com/bangalore/lucky-chan-dimsum-sushi-parlour-indiranagar-bangalore/info,Lucky Chan - Dimsum & Sushi Parlour,4.5,"₹1,900 for two","Japanese, Chinese, Asian, Desserts, Beverages",Indiranagar
230,https://www.zomato.com/bangalore/oota-bangalore-whitefield/info,Oota Bangalore,4.9,"₹1,200 for two","Mangalorean, South Indian, Salad, Desserts",Craftworks
231,https://www.zomato.com/bangalore/dock-66-1-whitefield-bangalore/info,Dock 66,4.2,"₹1,800 for two","North Indian, South Indian",Whitefield
232,https://www.zomato.com/bangalore/the-spiceberry-bellandur-bangalore/info,The Spiceberry,4.4,"₹1,000 for two","North Indian, Pasta, Pizza, Continental, Salad, Sandwich, Kebab, Desserts",Bellandur
233,https://www.zomato.com/bangalore/hungry-hippie-koramangala-5th-block/info,Hungry Hippie,4.2,"₹1,200 for two","North Indian, Italian, Continental, Mexican, Pizza, Fast Food, Desserts, Beverages",Koramangala 5th Block
234,https://www.zomato.com/bangalore/rajdhani-1-whitefield-bangalore/info,Rajdhani,4.0,"₹1,200 for two","Gujarati, North Indian, Rajasthani","Phoenix Marketcity Bangalore, Whitefield"
235,https://www.zomato.com/bangalore/chapter-one-bar-maiin-new-bel-road-bangalore/info,Chapter One Bar | Maiin,4.3,"₹1,400 for two","North Indian, South Indian, Chinese, Italian, Fast Food, Finger Food, Desserts, Beverages",New BEL Road
236,https://www.zomato.com/bangalore/poco-a-poco-global-food-music-whitefield-bangalore/info,Poco A Poco - Global Food & Music,4.5,"₹1,000 for two","Continental, Chinese, North Indian, Italian, Cafe, Asian, South Indian, Beverages",Whitefield
237,https://www.zomato.com/bangalore/white-lotus-club-sarjapur-road-bangalore/info,White Lotus Club,3.9,"₹2,000 for two","Continental, North Indian, Chinese, Italian, Asian, Beverages",Sarjapur Road
238,https://www.zomato.com/bangalore/bobs-bar-1-indiranagar-bangalore/info,Bob's Bar,4.2,"₹1,400 for two","South Indian, Biryani, Sandwich, Desserts, Bakery, Beverages",Indiranagar
239,https://www.zomato.com/bangalore/bombay-brasserie-indiranagar/info,Bombay Brasserie,4.5,"₹2,000 for two","North Indian, Biryani, Fast Food, Desserts, Tea",Indiranagar
240,https://www.zomato.com/bangalore/46-ounces-brewgarden-electronic-city-bangalore/info,46 Ounces Brewgarden,4.3,"₹1,900 for two","Finger Food, Asian, Chinese, Pizza, North Indian, Fast Food",Electronic City
241,https://www.zomato.com/bangalore/sugar-factory-reloaded-koramangala-5th-block-bangalore/info,Sugar Factory Reloaded,4.0,"₹1,800 for two","North Indian, Continental, Italian, Chinese, Asian, American",Koramangala 5th Block
242,https://www.zomato.com/bangalore/caffé-allora-kr-puram-bangalore/info,Caffé Allora,4.3,"₹1,500 for two","Pizza, Italian, Pasta","Phoenix Marketcity Bangalore, Whitefield"
243,https://www.zomato.com/bangalore/easy-tiger-church-street/info,Easy Tiger,4.2,"₹1,700 for two","Finger Food, Continental",Church Street
244,https://www.zomato.com/bangalore/yauatcha-mg-road/info,Yauatcha,4.4,"₹3,000 for two","Chinese, Asian, Cantonese, Seafood, Tea, Desserts","1 MG Road Mall, MG Road"
245,https://www.zomato.com/bangalore/chin-lung-resto-bar-koramangala-4th-block-bangalore/info,Chin Lung Resto Bar,4.1,"₹1,400 for two","Bar Food, Chinese, North Indian",Koramangala 4th Block
246,https://www.zomato.com/bangalore/mannheim-craft-brewery-brigade-road-bangalore/info,Mannheim Craft Brewery,4.4,"₹1,500 for two","South Indian, North Indian, Continental, Desserts, Asian","Garuda Mall, Magrath Road"
247,https://www.zomato.com/bangalore/the-market-the-ritz-carlton-residency-road/info,The Market - The Ritz-Carlton,4.1,"₹3,000 for two","North Indian, European, Asian",The Ritz-Carlton
248,https://www.zomato.com/bangalore/melange-marathahalli-bangalore/info,Melange,4.0,"₹3,500 for two","North Indian, South Indian, Continental, Italian, Desserts","Radisson Blu, Marathahalli"
249,https://www.zomato.com/bangalore/zest-lavelle-road-bangalore/info,Zest,4.1,"₹1,800 for two","North Indian, Mughlai, Kebab, Chinese, Continental, Desserts",Lavelle Road
250,https://www.zomato.com/bangalore/animal-bar-koramangala-1st-block-bangalore/info,Animal Bar,3.9,"₹1,000 for two","American, Continental, Italian, South Indian, North Indian, Asian, Chinese",Koramangala 1st Block
251,https://www.zomato.com/bangalore/boteco-restaurante-brasileiro-1-mg-road-bangalore/info,Boteco Restaurante Brasileiro,4.2,"₹3,500 for two","Brazilian, Steak, Salad, Finger Food, Desserts, Coffee, Beverages",MG Road
252,https://www.zomato.com/bangalore/kappa-chakka-kandhari-koramangala-6th-block-bangalore/info,Kappa Chakka Kandhari,4.3,"₹1,800 for two","Kerala, South Indian, Desserts, Beverages",Koramangala 6th Block
253,https://www.zomato.com/bangalore/46-ounces-old-madras-road-bangalore/info,46 Ounces,4.4,"₹1,200 for two","North Indian, Asian, Italian, Pizza, Desserts","RMZ Infinity, Old Madras Road"
254,https://www.zomato.com/bangalore/smooth-criminal-koramangala-5th-block-bangalore/info,Smooth Criminal,3.8,"₹1,000 for two","Chinese, North Indian, Pizza, Japanese, Biryani, Desserts, Beverages, Continental",Koramangala 5th Block
255,https://www.zomato.com/bangalore/gabru-di-chaap-kr-puram-bangalore/info,Gabru Di Chaap,4.1,₹500 for two,"North Indian, Momos, Fast Food, Wraps, Beverages","Phoenix Marketcity Bangalore, Whitefield"
256,https://www.zomato.com/bangalore/hoppipola-church-street/info,Hoppipola,4.1,"₹2,000 for two","Continental, Italian, Chinese, North Indian, Pizza, Beverages",Church Street
257,https://www.zomato.com/bangalore/secret-of-bangalore-rajarajeshwari-nagar-bangalore/info,Secret Of Bangalore,4.1,"₹1,600 for two","Italian, Continental, Asian, Pizza, Pasta, Desserts, Beverages",Rajarajeshwari Nagar
258,https://www.zomato.com/bangalore/yellow-door-the-neighbourhood-kitchen-1-koramangala-5th-block-bangalore/info,Yellow Door - The Neighbourhood Kitchen,4.3,"₹1,100 for two","North Indian, Asian, Italian, Fast Food",Koramangala 5th Block
259,https://www.zomato.com/bangalore/maya-1-jayanagar-bangalore/info,Maya,4.3,"₹1,800 for two","Asian, North Indian, Chinese, Thai, Beverages",Jayanagar
260,https://www.zomato.com/bangalore/xochi-bar-and-kitchen-bellandur-bangalore/info,Xochi Bar And Kitchen,4.5,"₹2,500 for two","Asian, North Indian, Continental",Bellandur
261,https://www.zomato.com/bangalore/the-big-baadshaah-marathahalli-bangalore/info,The Big Baadshaah,4.3,"₹1,900 for two","Continental, Chinese, Asian, North Indian, Fast Food, Street Food, Desserts, Beverages",Marathahalli
262,https://www.zomato.com/bangalore/sanadige-goldfinch-hotel-seshadripuram/info,Sanadige - Goldfinch Hotel,4.2,"₹1,800 for two","Seafood, Mangalorean, Goan, South Indian, North Indian, Chinese, Desserts, Beverages","Goldfinch Hotel, Seshadripuram"
263,https://www.zomato.com/bangalore/itasian-jakkur-bangalore/info,Itasian,4.2,"₹1,000 for two","Italian, Asian, Chinese, Sushi, Burger, Fast Food, Desserts, Beverages",Jakkur
264,https://www.zomato.com/bangalore/tuk-tuk-thai-pure-veg-asian-fine-dine-koramangala-5th-block-bangalore/info,Tuk Tuk Thai - Pure Veg Asian Fine Dine,4.8,"₹2,000 for two","Thai, Asian, Chinese, Desserts, Beverages",Koramangala 5th Block
265,https://www.zomato.com/bangalore/delhi-highway-indiranagar/info,Delhi Highway,4.1,"₹1,800 for two","North Indian, Chinese, Street Food, Kebab, Desserts, Beverages",Indiranagar
266,https://www.zomato.com/bangalore/mahe-global-kitchen-koramangala-5th-block-bangalore/info,Mahe Global Kitchen,4.2,"₹1,400 for two","North Indian, Continental, Asian, Pizza, Chinese, Desserts, Shake, Beverages",Koramangala 5th Block
267,https://www.zomato.com/bangalore/celebs-restobar-brookefield-bangalore/info,Celeb’s Restobar,4.3,"₹1,300 for two",Bar Food,Brookefield
268,https://www.zomato.com/bangalore/indigo-xp-koramangala-5th-block/info,Indigo XP,4.0,"₹2,000 for two","North Indian, Continental, Chinese, Italian, Oriental, Thai, Biryani",Koramangala 5th Block
269,https://www.zomato.com/bangalore/paradise-biryani-a-legend-since-1953-jp-nagar-bangalore/info,Paradise Biryani - A Legend Since 1953,3.7,"₹1,100 for two","Biryani, Kebab, North Indian, Rolls, Chinese, Desserts",JP Nagar
270,https://www.zomato.com/bangalore/smoor-2-indiranagar-bangalore/info,Smoor,4.5,₹600 for two,"Bakery, Desserts, Beverages",Indiranagar
271,https://www.zomato.com/bangalore/f5-hilton-embassy-manyata-business-park-nagawara-bangalore/info,F5 - Hilton Embassy Manyata Business Park,4.3,"₹3,100 for two","North Indian, Continental, Pizza, Fast Food, Coffee, Tea, Desserts, Beverages",Hilton Garden Inn Bengaluru Embassy Manyata Business Park
272,https://www.zomato.com/bangalore/barley-broo-1-rajajinagar-bangalore/info,Barley Broo,New,"₹1,500 for two","North Indian, Mughlai, Italian, Asian, Fast Food, Seafood, Chinese, Biryani",Rajajinagar
273,https://www.zomato.com/bangalore/cafe-noir-lavelle-road/info,Cafe Noir,4.1,"₹1,800 for two","Italian, Continental, French, Cafe, Pizza, Desserts, Juices, Beverages",UB City
274,https://www.zomato.com/bangalore/the-rameshwaram-cafe-indiranagar-bangalore/info,The Rameshwaram Cafe,4.2,₹200 for two,"South Indian, Beverages",Indiranagar
275,https://www.zomato.com/bangalore/watsons-indiranagar-bangalore/info,Watson's,4.1,"₹1,600 for two","North Indian, Continental, Italian, European, Asian, Beverages, Desserts",Indiranagar
276,https://www.zomato.com/bangalore/the-pizza-bakery-jp-nagar-bangalore/info,The Pizza Bakery,4.3,"₹1,500 for two","Pizza, Pasta, Italian, Continental, Desserts, Beverages",JP Nagar
277,https://www.zomato.com/bangalore/travellers-bungalow-1-indiranagar-bangalore/info,Travellers Bungalow,4.3,"₹1,400 for two","Middle Eastern, European, Pizza, Finger Food, Desserts, Beverages",Indiranagar
278,https://www.zomato.com/bangalore/moplahs-koramangala-5th-block-bangalore/info,Moplah's,4.5,"₹2,400 for two","Kerala, Biryani, Seafood, Beverages, Ice Cream, Desserts",Koramangala 5th Block
279,https://www.zomato.com/LOFT38/info,LOFT38,4.2,"₹2,000 for two","Italian, BBQ, Asian, North Indian, Fast Food, Beverages",Indiranagar
280,https://www.zomato.com/bangalore/fat-owl-jp-nagar-bangalore/info,Fat Owl,4.2,"₹1,800 for two","North Indian, Salad, Fast Food, Chinese, Seafood, Pizza, Italian, Bar Food",JP Nagar
281,https://www.zomato.com/bangalore/copper-chimney-whitefield-bangalore/info,Copper Chimney,4.3,"₹1,700 for two","North Indian, Mughlai, Biryani, Kebab, Beverages","Phoenix Marketcity Bangalore, Whitefield"
282,https://www.zomato.com/bangalore/chulha-chauki-da-dhaba-sarjapur-road-bangalore/info,Chulha Chauki Da Dhaba,4.3,"₹1,000 for two","North Indian, Chinese, Kebab, Mughlai, Biryani, Beverages",Sarjapur Road
283,https://www.zomato.com/bangalore/rumi-indiranagar-bangalore/info,Rumi,4.0,"₹1,100 for two","Awadhi, Mughlai, North Indian, Kebab, Desserts",Indiranagar
284,https://www.zomato.com/bangalore/kobe-sizzlers-koramangala-5th-block/info,Kobe Sizzlers,3.9,"₹1,600 for two","Pasta, Burger, Sandwich, American, Continental",Koramangala 5th Block
285,https://www.zomato.com/bangalore/olive-beach-richmond-road-bangalore/info,Olive Beach,4.5,"₹3,500 for two","Italian, Pizza, Mediterranean, Continental, European, Beverages, Desserts",Richmond Road
286,https://www.zomato.com/bangalore/rasotsav-kanakapura-road-bangalore/info,Rasotsav,4.3,"₹1,200 for two","Rajasthani, Gujarati, North Indian, Mithai","Forum Falcon City Mall, Kanakapura Roaad"
287,https://www.zomato.com/bangalore/blue-butterfly-bar-kitchen-bommasandra-bangalore/info,Blue Butterfly Bar & Kitchen,4.3,"₹2,000 for two","Asian, Continental",Bommasandra
288,https://www.zomato.com/bangalore/sidewalk-bar-kitchen-marathahalli-bangalore/info,Sidewalk Bar & Kitchen,4.3,"₹1,800 for two","North Indian, Continental, Chinese, Fast Food, Beverages",Marathahalli
289,https://www.zomato.com/bangalore/the-fatty-bao-indiranagar-bangalore/info,The Fatty Bao,4.5,"₹1,400 for two","Asian, Sushi, Japanese, Chinese",Indiranagar
290,https://www.zomato.com/bangalore/linto-coffe-jp-nagar-bangalore/info,Linto Coffe,4.0,₹850 for two,"Coffee, Chinese, Continental",JP Nagar
291,https://www.zomato.com/bangalore/the-caffeine-baar-jayanagar-bangalore/info,The Caffeine Baar,4.3,₹950 for two,"Cafe, Italian, Continental, Bakery, Desserts, Beverages",Jayanagar
292,https://www.zomato.com/bangalore/truffles-koramangala-5th-block/info,Truffles,4.6,"₹1,100 for two","Burger, Italian, Desserts, Continental, American, Fast Food, Beverages",Koramangala 5th Block
293,https://www.zomato.com/bangalore/drunken-daddy-koramangala-5th-block-bangalore/info,Drunken Daddy,4.3,"₹1,400 for two","North Indian, Continental, Fast Food, Oriental, Finger Food, Biryani, Beverages",Koramangala 5th Block
294,https://www.zomato.com/bangalore/california-burrito-hsr/info,California Burrito,4.4,₹450 for two,"Mexican, Healthy Food, American, Salad, Fast Food, Beverages",HSR
295,https://www.zomato.com/bangalore/nasi-and-mee-koramangala-4th-block/info,Nasi And Mee,4.5,"₹1,600 for two","Asian, Sushi, Thai",Koramangala 4th Block
296,https://www.zomato.com/bangalore/pizzaexpress-indiranagar-bangalore/info,PizzaExpress,4.0,"₹1,400 for two","Pizza, Italian, Salad, Bakery, Coffee, Beverages",Indiranagar
297,https://www.zomato.com/bangalore/chowki-multicuisine-restaurant-whitefield-bangalore/info,Chowki Multicuisine Restaurant,4.2,₹700 for two,"North Indian, Chinese, Seafood, Fast Food, Biryani, Sichuan, Desserts, Beverages",Whitefield
298,https://www.zomato.com/bangalore/ignyt-the-beer-station-kumaraswamy-layout-bangalore/info,IGNYT -The Beer Station,New,"₹2,000 for two",Continental,Kumaraswamy Layout
299,https://www.zomato.com/bangalore/alchemy-residency-road-bangalore/info,Alchemy,4.3,"₹2,500 for two","Bar Food, North Indian, Seafood, Biryani, Desserts, Beverages","The Chancery Pavilion, Residency Road"
300,https://www.zomato.com/bangalore/karigari-by-chef-harpal-singh-sahakara-nagar-bangalore/info,Karigari By Chef Harpal Singh,4.5,"₹1,000 for two","North Indian, Mughlai, Fast Food, Shake, Desserts, Beverages",Sahakara Nagar
301,https://www.zomato.com/bangalore/nandos-whitefield-bangalore/info,Nando's,4.4,"₹1,500 for two","Burger, Healthy Food, Portuguese","Phoenix Marketcity Bangalore, Whitefield"
302,https://www.zomato.com/bangalore/kebapci-koramangala-6th-block-bangalore/info,Kebapci,4.2,"₹1,600 for two","BBQ, Turkish, Kebab, Lebanese, Desserts",Koramangala 6th Block
303,https://www.zomato.com/bangalore/reboot-the-pub-1-marathahalli-bangalore/info,Reboot The Pub,4.0,"₹1,200 for two","North Indian, Chinese, Continental, Italian, Biryani, Mughlai, Desserts",Marathahalli
304,https://www.zomato.com/bangalore/iris-cafe-kitchen-1-jp-nagar-bangalore/info,Iris Cafe & Kitchen,4.1,"₹1,200 for two","Cafe, Coffee, Chinese, Continental, Modern Indian, Pasta, Fast Food, Desserts",JP Nagar
305,https://www.zomato.com/bangalore/and-it-was-called-yellow-1-sahakara-nagar-bangalore/info,And It Was Called Yellow,4.6,"₹1,600 for two","North Indian, Salad, Italian, Chinese, Seafood, Desserts, Beverages",Sahakara Nagar
306,https://www.zomato.com/bangalore/tree-tops-bar-kitchen-lavelle-road-bangalore/info,Tree Tops Bar & Kitchen,4.2,"₹1,300 for two","Finger Food, North Indian, Chinese, Burger, Seafood, Desserts","Hotel Southern Star, Lavelle Road"
307,https://www.zomato.com/bangalore/2443-the-oterra-electronic-city/info,24@43 - The Oterra,4.1,"₹3,700 for two","North Indian, Asian, Continental, Fast Food, Biryani, Desserts","The Oterra, Hosur Road"
308,https://www.zomato.com/bangalore/the-creek-the-den-bengaluru-whitefield/info,The Creek - The Den Bengaluru,4.2,"₹3,000 for two","North Indian, South Indian, Asian, Pizza, Desserts","The Den, Whitefield"
309,https://www.zomato.com/bangalore/moglu-the-edgy-veggie-restaurant-st-marks-road-bangalore/info,Moglu - The Edgy Veggie Restaurant,New,"₹1,000 for two","American, Continental, Desserts, Beverages",St. Marks Road
310,https://www.zomato.com/bangalore/gufha-the-president-hotel-jayanagar/info,Gufha - The President Hotel,4.1,"₹1,400 for two","North Indian, Mughlai, Biryani, Beverages","The President Hotel, Jayanagar"
311,https://www.zomato.com/bangalore/plaka-by-chef-ajay-chopra-sahakara-nagar-bangalore/info,Plaka By Chef Ajay Chopra,New,"₹1,800 for two","Italian, North Indian, Mediterranean, Pizza, Continental, Asian, Coffee","Phoenix Mall of Asia, Hebbal, Bengaluru"
312,https://www.zomato.com/bangalore/hsr-high-street-hsr/info,HSR High Street,3.9,₹950 for two,"Chinese, Oriental, North Indian, Mughlai, Biryani, Seafood, Desserts",HSR
313,https://www.zomato.com/bangalore/suzy-q-cunningham-road-bangalore/info,Suzy Q,4.3,"₹2,300 for two","North Indian, Seafood, Continental, Asian, Chinese, Desserts, Beverages",Cunningham Road
314,https://www.zomato.com/bangalore/barbeque-nation-electronic-city/info,Barbeque Nation,4.3,"₹1,900 for two","North Indian, BBQ, Biryani, Kebab, Continental, Chinese, Beverages, Desserts",Electronic City
315,https://www.zomato.com/bangalore/theo-cafe-3-hennur-bangalore/info,Theo Cafe,4.3,"₹1,000 for two","Continental, Asian, Coffee, Japanese, Italian, Desserts, Beverages",Hennur
316,https://www.zomato.com/bangalore/lush-renaissance-hotel-race-course-road-bangalore/info,Lush - Renaissance Hotel,4.4,"₹3,500 for two","North Indian, Continental, Chinese, Fast Food","Renaissance Hotel, Race Course Road"
317,https://www.zomato.com/bangalore/broadway-the-gourmet-theatre-hsr/info,Broadway - The Gourmet Theatre,4.3,"₹2,000 for two","Chinese, North Indian, Mughlai, Biryani, Asian, Japanese, Sushi, Beverages",HSR
318,https://www.zomato.com/bangalore/parika-multicuisine-coastal-fine-dine-hsr/info,Parika Multicuisine & Coastal Fine Dine,4.3,"₹1,300 for two","Mangalorean, Seafood, North Indian, Asian, Chinese, South Indian, Desserts, Beverages",HSR
319,https://www.zomato.com/bangalore/raffaeles-ristorante-pizzeria-indiranagar-bangalore/info,Raffaele's Ristorante Pizzeria,4.1,"₹1,000 for two","Pizza, Pasta, Italian, Sandwich, Shake, Beverages",Indiranagar
320,https://www.zomato.com/bangalore/kana-by-coffee-mechanics-hbr-layout-bangalore/info,Kana By Coffee Mechanics,4.3,"₹1,000 for two","Cafe, Coffee, Pizza, Continental, Desserts, Beverages, Burger, Pasta",HBR Layout
321,https://www.zomato.com/bangalore/tiddly-tavern-bar-grill-2-whitefield-bangalore/info,Tiddly Tavern Bar & Grill,4.3,"₹1,000 for two","South Indian, North Indian, Continental, Pizza, Asian, Chinese, Seafood","Ascendas Park Square, Whitefield"
322,https://www.zomato.com/bangalore/harleys-fine-baking-jp-nagar-bangalore/info,Harley's Fine Baking,4.0,₹600 for two,"Bakery, Sandwich",JP Nagar
323,https://www.zomato.com/bangalore/the-bangalore-cafe-1-shanti-nagar-bangalore/info,The Bangalore Cafe,4.2,₹950 for two,"North Indian, Italian, Continental, Biryani, Chinese, Desserts",Shanti Nagar
324,https://www.zomato.com/bangalore/dont-tell-mama-1-hsr-bangalore/info,Don't Tell Mama,4.0,"₹2,000 for two","North Indian, Continental, Chinese, Italian, Oriental, Thai, Biryani",HSR
325,https://www.zomato.com/bangalore/jalebbi-kitchen-bar-cunningham-road-bangalore/info,Jalebbi Kitchen & Bar,4.4,"₹1,400 for two","North Indian, Biryani, Desserts",Cunningham Road
326,https://www.zomato.com/bangalore/klayworkz-barista-jp-nagar-bangalore/info,Klayworkz Barista,4.2,"₹1,000 for two","Cafe, Shake, Beverages, Italian, Continental, Oriental, North Indian",JP Nagar
327,https://www.zomato.com/bangalore/plan-b-anekal-bangalore/info,Plan B,4.2,"₹1,000 for two","American, Continental, Burger, Pizza",Anekal
328,https://www.zomato.com/bangalore/basil-bistro-hsr-bangalore/info,Basil Bistro,4.2,"₹1,800 for two","Continental, Italian, North Indian, Asian, Pizza, Desserts, Coffee, Beverages",HSR
329,https://www.zomato.com/bangalore/sattvam-jp-nagar-bangalore/info,Sattvam,4.2,"₹1,960 for two","Chinese, Continental",JP Nagar
330,https://www.zomato.com/bangalore/phobidden-fruit-indiranagar/info,Phobidden Fruit,4.4,"₹1,300 for two","Vietnamese, Asian, Desserts",Indiranagar
331,https://www.zomato.com/bangalore/the-biere-club-lavelle-road-bangalore/info,The Biere Club,4.2,"₹2,600 for two","Bar Food, Continental, Italian, Wraps, Salad, Middle Eastern, Pizza",Lavelle Road
332,https://www.zomato.com/bangalore/glen-s-bakehouse-whitefield-bangalore/info,Glen`s Bakehouse,3.8,₹800 for two,"Bakery, Cafe, Italian, Continental, Fast Food, Beverages, Desserts",Whitefield
333,https://www.zomato.com/bangalore/1-bhk-bar-house-kitchen-1-koramangala-6th-block-bangalore/info,1 BHK - Bar House Kitchen,4.3,"₹1,400 for two","Continental, Italian, Pizza, Sandwich, Desserts, Shake, Beverages",Koramangala 6th Block
334,https://www.zomato.com/bangalore/sodabottleopenerwala-lavelle-road-bangalore/info,SodaBottleOpenerWala,4.4,"₹1,800 for two","Parsi, North Indian, Street Food, Desserts, Beverages",Lavelle Road
335,https://www.zomato.com/bangalore/mahesh-lunch-home-1-indiranagar-bangalore/info,Mahesh Lunch Home,4.2,"₹1,700 for two","Seafood, Mangalorean, South Indian, North Indian, Continental, Desserts, Beverages",Indiranagar
336,https://www.zomato.com/bangalore/gufha-1-sankey-road-bangalore/info,Gufha,4.6,"₹1,100 for two","North Indian, Chinese, Continental, Biryani, Kebab, Desserts",Sankey Road
337,https://www.zomato.com/bangalore/record-room-mg-road-bangalore/info,Record Room,4.5,"₹2,500 for two","Sushi, Bar Food, Pizza, Desserts, Beverages",MG Road
338,https://www.zomato.com/bangalore/dolci-desserts-cunningham-road/info,Dolci Desserts,4.3,₹850 for two,"Desserts, Bakery, Pasta",Cunningham Road
339,https://www.zomato.com/bangalore/the-koi-btm-bangalore/info,The Koi,4.0,"₹1,000 for two","Chinese, Asian, Desserts",BTM
340,https://www.zomato.com/bangalore/seven-rivers-brewing-co-taj-mg-road-bangalore/info,Seven Rivers Brewing Co - Taj,4.4,"₹3,300 for two","North Indian, European, Salad, Finger Food, Beverages, Desserts","Taj, MG Road"
341,https://www.zomato.com/bangalore/toca-terrace-brigade-road-bangalore/info,Toca Terrace,New,"₹1,100 for two","South Indian, North Indian, Continental, Chinese, Seafood, Pasta",Brigade Road
342,https://www.zomato.com/bangalore/zyng-pan-asian-dining-ulsoor-bangalore/info,Zyng - Pan Asian Dining,4.2,"₹1,200 for two","Asian, Japanese, Korean, Chinese, Thai, Seafood, Desserts",Ulsoor
343,https://www.zomato.com/justbecafe/info,Justbe By Nidhi Nahata,4.3,"₹1,200 for two","Cafe, Healthy Food, Fast Food, Desserts, Beverages",Sadashiv Nagar
344,https://www.zomato.com/bangalore/the-big-barn-kanakapura-road-bangalore/info,The Big Barn,4.4,"₹2,280 for two","South Indian, North Indian, Chinese, Asian, Fast Food, Pasta, Momos, Beverages",Kanakapura Road
345,https://www.zomato.com/bangalore/kebarbiq-restaurant-hsr-bangalore/info,Kebarbiq Restaurant,4.0,"₹1,400 for two","BBQ, Arabian, Continental, North Indian, Middle Eastern, Chinese, Beverages",HSR
346,https://www.zomato.com/bangalore/high-ultra-lounge-sheraton-grand-bangalore-hotel-malleshwaram-bangalore/info,High Ultra Lounge - Sheraton Grand Bangalore Hotel,4.2,"₹3,600 for two","North Indian, Continental, Finger Food, Desserts",Sheraton Grand Bangalore Hotel at Brigade Gateway
347,https://www.zomato.com/bangalore/techila-nagawara-bangalore/info,Techila,4.3,"₹1,200 for two","North Indian, Burger, Biryani, Pizza, Chinese, Mexican, Fast Food, Rolls",Nagawara
348,https://www.zomato.com/bangalore/the-grill-house-steaks-sizzlers-ulsoor-bangalore/info,The Grill House - Steaks & Sizzlers,4.3,"₹1,400 for two","American, Mexican, Italian, Steak, Seafood",Ulsoor
349,https://www.zomato.com/bangalore/zoeys-sarjapur-road/info,Zoey's,4.2,₹700 for two,"Burger, Beverages, Continental, Pasta, Chinese, Sandwich, Cafe, Desserts",Sarjapur Road
350,https://www.zomato.com/bangalore/dhwani-indiranagar-bangalore/info,Dhwani,4.5,"₹1,300 for two","North Indian, Bar Food, Continental, Chinese, Biryani, Pizza, Momos, Beverages",Indiranagar
351,https://www.zomato.com/bangalore/anaia-indiranagar-bangalore/info,Anaia,4.3,₹450 for two,"Cafe, Shake, Tea, Sandwich, Burger, Pizza, Beverages",Indiranagar
352,https://www.zomato.com/bangalore/the-dome-cafe-sarjapur-road-bangalore/info,The Dome Cafe,4.4,"₹1,600 for two","North Indian, Chinese, Continental, Burger, Desserts, Shake, Beverages",Sarjapur Road
353,https://www.zomato.com/bangalore/nh8-indiranagar/info,NH8,4.1,"₹1,200 for two","North Indian, Rajasthani",Indiranagar
354,https://www.zomato.com/bangalore/rim-naam-the-oberoi-mg-road-bangalore/info,Rim Naam - The Oberoi,4.9,"₹5,000 for two","Thai, Asian, Seafood, Desserts","The Oberoi, MG Road"
355,https://www.zomato.com/bangalore/societe-rangoon-jp-nagar-bangalore/info,Societe Rangoon,4.3,"₹1,000 for two","Burmese, Asian",JP Nagar
356,https://www.zomato.com/bangalore/shift-hsr/info,Shift,4.2,"₹1,700 for two","Finger Food, Continental, North Indian, Salad, Seafood, Mughlai",HSR
357,https://www.zomato.com/bangalore/eight-hebbal-bangalore/info,Eight,New,"₹3,000 for two","Asian, Chinese, Thai, Japanese, Peruvian","Phoenix Mall of Asia, Hebbal, Bengaluru"
358,https://www.zomato.com/bangalore/kharva-resto-bar-sarjapur-road-bangalore/info,Kharva Resto Bar,4.3,"₹1,000 for two","Chinese, Fast Food, Seafood, Continental, North Indian, Modern Indian, Biryani, Desserts",Sarjapur Road
359,https://www.zomato.com/bangalore/beijing-bites-rt-nagar/info,Beijing Bites,3.6,"₹1,000 for two","Chinese, Seafood, Thai, Rolls, Malaysian, Mughlai, Momos",RT Nagar
360,https://www.zomato.com/bangalore/the-bangalore-dhaba-kalyan-nagar-bangalore/info,The Bangalore Dhaba,4.3,"₹1,200 for two","North Indian, Biryani, Chinese, Mughlai, Fast Food, Momos, Desserts, Beverages",Kalyan Nagar
361,https://www.zomato.com/bangalore/the-lantern-restaurant-bar-the-ritz-carlton-bangalore-residency-road-bangalore/info,"The Lantern Restaurant & Bar - The Ritz-Carlton, Bangalore",4.2,"₹4,500 for two","Chinese, Momos",The Ritz-Carlton
362,https://www.zomato.com/bangalore/tea-villa-cafe-jayanagar-bangalore/info,Tea Villa Cafe,4.0,"₹1,400 for two","Cafe, Continental, Chinese, Mexican, Fast Food, Tea, Beverages, Desserts",Jayanagar
363,https://www.zomato.com/bangalore/andreas-brasserie-yelahanka-bangalore/info,Andrea's Brasserie,4.4,"₹1,600 for two","Pizza, Pasta, Asian, Salad, Desserts, Sushi, Beverages, Burger","Phoenix Mall of Asia, Hebbal, Bengaluru"
364,https://www.zomato.com/bangalore/kuuraku-brigade-road-bangalore/info,Kuuraku,4.7,"₹1,500 for two","Japanese, Rolls, Beverages",Forum Rex Walk
365,https://www.zomato.com/bangalore/cocos-bar-kitchen-church-street-bangalore/info,Coco's Bar & Kitchen,3.9,"₹1,800 for two","Bar Food, Italian, North Indian, South Indian, Asian, Thai, Fast Food, Beverages",Church Street
366,https://www.zomato.com/bangalore/salvadores-mg-road-bangalore/info,Salvadores,4.6,"₹2,500 for two","Continental, Pasta, Salad, Desserts, Beverages",MG Road
367,https://www.zomato.com/bangalore/nook-aloft-bengaluru-cessna-business-park-kadubeesanahalli-bangalore/info,Nook - Aloft Bengaluru Cessna Business Park,4.0,"₹1,200 for two","North Indian, Continental, Asian, Fast Food, South Indian, Desserts, Waffle","Aloft Bengaluru Cessna Business Park, Kadubeesanahalli"
368,https://www.zomato.com/bangalore/masala-love-co-jayanagar-bangalore/info,Masala Love & Co,New,"₹1,000 for two","North Indian, Chinese, Street Food",Jayanagar
369,https://www.zomato.com/bangalore/cuppa-redefined-hsr-bangalore/info,Cuppa Redefined,4.3,₹700 for two,"Cafe, American, Burger, Healthy Food, Salad, Fast Food, Desserts, Beverages",HSR
370,https://www.zomato.com/bangalore/shao-radisson-blu-marathahalli-bangalore/info,Shao - Radisson Blu,4.5,"₹3,500 for two","Thai, Japanese, Chinese, Asian, Sichuan, Beverages","Radisson Blu, Marathahalli"
371,https://www.zomato.com/bangalore/empire-restaurant-koramangala-5th-block/info,Empire Restaurant,3.8,₹950 for two,"North Indian, Biryani, Kebab, South Indian, Mughlai, Chinese, Seafood",Koramangala 5th Block
372,https://www.zomato.com/bangalore/prime-golf-brewing-golfing-seegehalli-bangalore/info,Prime Golf - Brewing & Golfing,New,"₹2,000 for two","Modern Indian, Beverages",Seegehalli
373,https://www.zomato.com/bangalore/barkaas-arabic-restaurant-marathahalli-bangalore/info,Barkaas- Arabic Restaurant,4.0,"₹1,300 for two","Arabian, North Indian, Mughlai, Shawarma, Fast Food, Mandi, Desserts, Beverages",Marathahalli
374,https://www.zomato.com/bangalore/iza-marathahalli-bangalore/info,Iza,4.5,"₹1,200 for two","Asian, Chinese, Seafood, Salad, Desserts",Divyasree Technopark
375,https://www.zomato.com/bangalore/nuage-indiranagar-bangalore/info,Nuage,4.4,₹950 for two,"Burger, Bakery, Continental",Indiranagar
376,https://www.zomato.com/bangalore/sherlocks-lounge-kitchen-yelahanka-bangalore/info,Sherlock's - Lounge & Kitchen,4.1,"₹2,500 for two","Continental, North Indian, Finger Food, Chinese, Fast Food, South Indian, Desserts, Beverages",Yelahanka
377,https://www.zomato.com/bameys/info,Bamey's Restro Cafe,4.2,₹950 for two,"Asian, Nepalese, Momos",Koramangala 5th Block
378,https://www.zomato.com/bangalore/pind-balluchi-varthur-main-road-whitefield-bangalore/info,Pind Balluchi,3.9,₹950 for two,"North Indian, Mughlai, Fast Food, Biryani, Desserts","Forum Neighbourhood Mall, Whitefield"
379,https://www.zomato.com/bangalore/the-whitefield-arms-pub-microbrewery-whitefield-bangalore/info,The Whitefield Arms Pub & Microbrewery,4.1,"₹1,400 for two","Modern Indian, Continental, BBQ","VR Bengaluru, Whitefield"
380,https://www.zomato.com/bangalore/sally-by-1522-hebbal-bangalore/info,Sally By 1522,3.9,"₹1,600 for two","South Indian, Chinese, Salad, Continental, Asian, Biryani, Seafood, Pasta","Phoenix Mall of Asia, Hebbal, Bengaluru"
381,https://www.zomato.com/bangalore/kake-di-hatti-whitefield-bangalore/info,Kake Di Hatti,4.0,"₹1,800 for two","North Indian, Chinese, Beverages",Whitefield
382,https://www.zomato.com/bangalore/rcb-bar-cafe-st-marks-road-bangalore/info,RCB Bar & Cafe,4.4,"₹2,000 for two","Continental, Asian, North Indian, Pizza, Fast Food, Desserts, Beverages",1 Sobha
383,https://www.zomato.com/bangalore/imperio-restaurant-2-hsr-bangalore/info,Imperio Restaurant,4.1,"₹1,000 for two","Biryani, Kebab, Chinese, North Indian, Arabian, South Indian, Shawarma, Desserts",HSR
384,https://www.zomato.com/bangalore/the-local-kalyan-nagar-bangalore/info,The Local,4.3,"₹1,600 for two","Pizza, Continental, Burger, Seafood, Kerala, Finger Food, Beverages",Kalyan Nagar
385,https://www.zomato.com/bangalore/daily-sushi-1-indiranagar-bangalore/info,Daily Sushi,4.3,₹950 for two,"Sushi, Japanese, Korean, Asian, Beverages",Indiranagar
386,https://www.zomato.com/bangalore/brik-oven-bellandur-bangalore/info,Brik Oven,4.5,"₹1,200 for two","Pizza, Italian, Fast Food, Desserts, Shake, Beverages",Bellandur
387,https://www.zomato.com/bangalore/down-town-diner-brigade-road-bangalore/info,Down Town Diner,4.3,₹750 for two,"Cafe, Coffee, Fast Food, Pizza, Burger, Sandwich, Desserts, Beverages",Brigade Road
388,https://www.zomato.com/bangalore/noodle-bar-whitefield/info,Noodle Bar,3.8,"₹1,700 for two","Asian, Oriental, Chinese, Thai, Desserts, Beverages","Phoenix Marketcity Bangalore, Whitefield"
389,https://www.zomato.com/bangalore/paper-and-pie-indiranagar-bangalore/info,Paper And Pie,3.6,"₹1,200 for two","Cafe, Italian, Continental, Desserts, Beverages, Shake",Indiranagar
390,https://www.zomato.com/bangalore/al-daaz-hsr/info,Al Daaz,3.9,₹600 for two,"North Indian, Chinese, Mughlai, BBQ, Seafood, Fast Food, Biryani, Beverages",HSR
391,https://www.zomato.com/bangalore/azukii-bistro-richmond-town-bangalore/info,Azukii Bistro,4.8,"₹1,800 for two","Japanese, Asian, Rolls, Sushi, Salad, Tea, Beverages",Richmond Town
392,https://www.zomato.com/bangalore/the-druid-garden-sahakara-nagar/info,The Druid Garden,4.2,"₹2,000 for two","North Indian, Asian, Continental, Italian, Chinese, Fast Food",Sahakara Nagar
393,https://www.zomato.com/bangalore/tipsy-bull-the-bar-exchange-koramangala-5th-block-bangalore/info,Tipsy Bull- The Bar Exchange,4.3,"₹1,400 for two","Chinese, Continental, North Indian, Fast Food, Desserts",Koramangala 5th Block
394,https://www.zomato.com/bangalore/thyme-and-whisk-electronic-city-bangalore/info,Thyme and Whisk,4.4,"₹1,700 for two","Continental, Asian, North Indian, Biryani, Burger, Mexican, Pasta, Pizza",Electronic City
395,https://www.zomato.com/bangalore/niro-nagawara-bangalore/info,Niro,4.4,"₹2,500 for two","Continental, North Indian, Beverages, Asian, Bar Food",Hotel Country Inn
396,https://www.zomato.com/bangalore/adda-1522-ulsoor-bangalore/info,Adda 1522,4.6,"₹1,500 for two","Fast Food, South Indian, Seafood, North Indian, Kebab, Mughlai, Asian, European",Ulsoor
397,https://www.zomato.com/bangalore/blurred-koramangala-5th-block-bangalore/info,Blurred,4.1,"₹1,000 for two","North Indian, South Indian, Continental, Chinese",Koramangala 5th Block
398,https://www.zomato.com/bangalore/ssura-cocktails-and-cuisines-koramangala-6th-block-bangalore/info,Ssura Cocktails And Cuisines,4.5,"₹1,000 for two","Bar Food, Biryani, Continental, Chinese, Modern Indian, American, North Indian",Koramangala 6th Block
399,https://www.zomato.com/bangalore/monkey-bar-church-street-bangalore/info,Monkey Bar,3.7,"₹2,000 for two","Continental, North Indian, Beverages",Church Street
400,https://www.zomato.com/bangalore/gustoes-jayanagar-bangalore/info,Gustoes,4.4,"₹1,800 for two","Italian, Seafood, Chinese, Asian, North Indian, BBQ, Desserts, Beverages",Jayanagar
401,https://www.zomato.com/bangalore/tastique-6-nagawara-bangalore/info,Tastique,4.5,"₹1,500 for two","North Indian, Chinese, Beverages",Nagawara
402,https://www.zomato.com/bangalore/the-square-novotel-marathahalli/info,The Square - Novotel,4.3,"₹3,200 for two","Continental, North Indian, Japanese, Italian","Novotel Bengaluru, Marathahalli"
403,https://www.zomato.com/bangalore/three-dots-a-dash-jp-nagar/info,Three Dots & A Dash,4.3,"₹1,800 for two","North Indian, Continental, Italian",JP Nagar
404,https://www.zomato.com/bangalore/drink-dine-rajarajeshwari-nagar-bangalore/info,Drink & Dine,4.2,"₹1,700 for two","North Indian, Chinese, Mughlai, Sandwich, Burger, Pizza, Biryani, Desserts",SG Arcade
405,https://www.zomato.com/bangalore/drink-dine-3-vijay-nagar-bangalore/info,Drink & Dine,4.2,"₹1,400 for two","North Indian, Biryani, Pizza, Sandwich, Chinese, Fast Food, Burger, Desserts",Vijay Nagar
406,https://www.zomato.com/bangalore/singapore-street-2-kammanahalli-bangalore/info,Singapore Street,4.6,"₹1,400 for two","Singaporean, Thai, Sushi, Asian, Korean, Indonesian, Desserts, Beverages",Kammanahalli
407,https://www.zomato.com/bangalore/toca-brigade-road-bangalore/info,Toca,4.2,"₹1,200 for two",South Indian,Brigade Road
408,https://www.zomato.com/bangalore/carnival-de-goa-ulsoor/info,Carnival de Goa,4.3,"₹1,200 for two","Goan, Chinese, Continental, Seafood, Pizza, Desserts, Beverages",Ulsoor
409,https://www.zomato.com/bangalore/the-rasoiya-street-1-jp-nagar-bangalore/info,The Rasoiya Street,4.1,"₹1,100 for two","North Indian, Continental, Asian, Chinese, Desserts, Beverages",JP Nagar
410,https://www.zomato.com/bangalore/trippy-goat-cafe-cunningham-road-bangalore/info,Trippy Goat Cafe,4.3,"₹1,200 for two","Cafe, Continental, Fast Food, Beverages",Cunningham Road
411,https://www.zomato.com/bangalore/fire-station-electronic-city-bangalore/info,Fire Station,4.2,"₹1,700 for two","Finger Food, North Indian, Continental, Italian, Chinese, Beverages, Desserts",Electronic City
412,https://www.zomato.com/bangalore/bastian-st-marks-road-bangalore/info,Bastian,-,"₹2,000 for two","Continental, Greek",St. Marks Road
413,https://www.zomato.com/bangalore/tales-of-flamingo-bannerghatta-road-bangalore/info,Tales Of Flamingo,New,"₹1,000 for two","Continental, Asian, North Indian, Desserts",Bannerghatta Road
414,https://www.zomato.com/bangalore/chilis-grill-bar-majestic-bangalore/info,Chili's Grill & Bar,4.4,"₹1,600 for two","Mexican, American, Salad, Pizza, Tex-Mex, Italian, Desserts, Beverages",Lulu Mall
415,https://www.zomato.com/bangalore/tiger-tiger-brewhouse-1-sarjapur-road-bangalore/info,Tiger Tiger Brewhouse,4.1,"₹1,600 for two","North Indian, Continental, Oriental, Mughlai, Andhra, European, Beverages, Desserts",Sarjapur Road
416,https://www.zomato.com/bangalore/iris-cafe-hsr-bangalore/info,Iris Cafe,4.1,₹950 for two,"Fast Food, Irish, Italian, Beverages, Desserts",HSR
417,https://www.zomato.com/bangalore/pizza-brew-house-new-bel-road-bangalore/info,Pizza Brew House,4.2,₹950 for two,"Pizza, Pasta, Fast Food, Coffee, Beverages",New BEL Road
418,https://www.zomato.com/bangalore/little-italy-sarjapur-road/info,Little Italy,4.1,"₹2,300 for two","Italian, Pizza, Pasta, Continental, Desserts, Healthy Food, Beverages",Sarjapur Road
419,https://www.zomato.com/bangalore/italian-bakehouse-1-jayanagar-bangalore/info,Italian Bakehouse,3.6,"₹1,100 for two","Cafe, Pasta, Italian, Fast Food, Beverages, Desserts",Jayanagar
420,https://www.zomato.com/bangalore/the-hebbal-cafe-courtyard-by-marriott-hebbal/info,The Hebbal Cafe - Courtyard By Marriott,4.2,"₹3,300 for two","Continental, North Indian, Chinese, American, Fast Food","Courtyard by Marriott Bengaluru, Hebbal"
421,https://www.zomato.com/bangalore/thyme-whisk-sarjapur-road-bangalore/info,Thyme & Whisk,4.0,"₹1,700 for two","Continental, North Indian, Asian, Italian, Healthy Food, Fast Food, Desserts, Beverages",Sarjapur Road
422,https://www.zomato.com/bangalore/saarai-jayanagar-bangalore/info,Saarai,New,"₹1,500 for two","Andhra, Asian",Jayanagar
423,https://www.zomato.com/bangalore/lavonne-indiranagar/info,Lavonne,4.5,"₹1,300 for two","Cafe, Tea, Beverages, Bakery, Continental, Pasta, Salad, Fast Food",Indiranagar
424,https://www.zomato.com/bangalore/restaurant-chef-pillai-brigade-road-bangalore/info,Restaurant Chef Pillai,4.3,"₹1,000 for two",Kerala,Brigade Road
425,https://www.zomato.com/bangalore/cafe-palmyra-whitefield/info,Cafe Palmyra,4.2,"₹2,500 for two","Chinese, North Indian, Continental, Oriental, Sichuan, South Indian, Desserts","Palm Meadows Club, Whitefield"
426,https://www.zomato.com/bangalore/light-of-italy-hsr-bangalore/info,Light Of Italy,4.4,"₹1,000 for two","Italian, Pizza, Pasta, Ice Cream, Desserts, Beverages",HSR
427,https://www.zomato.com/bangalore/caffeine-couture-bellandur-bangalore/info,Caffeine Couture,4.0,"₹1,200 for two","Cafe, Coffee, British",Bellandur
428,https://www.zomato.com/bangalore/murphys-brewhouse-the-paul-bangalore-domlur-bangalore/info,Murphy's Brewhouse - The Paul Bangalore,4.3,"₹2,000 for two","Continental, Mexican, Italian, Fast Food, North Indian, Irish, Desserts, Beverages","The Paul Bangalore, Domlur"
429,https://www.zomato.com/bangalore/papa-pho-new-bel-road-bangalore/info,Papa Pho,4.5,"₹1,600 for two","Asian, Korean, Chinese, Oriental, Salad, Thai, Sushi, Seafood",New BEL Road
430,https://www.zomato.com/bangalore/prequel-3-hebbal-bangalore/info,Prequel,4.5,"₹1,300 for two","North Indian, Continental, Asian, Italian, Pizza, Sushi, Burger, Desserts",Hebbal
431,https://www.zomato.com/bangalore/bombay-curry-house-nagawara-bangalore/info,Bombay Curry House,4.5,"₹1,300 for two","South Indian, North Indian, Chinese, Bar Food, Salad, Biryani, Desserts, Beverages","Embassy Manyata Business Park,  Nagawara"
432,https://www.zomato.com/bangalore/oziano-indiranagar-bangalore/info,Oziano,4.3,"₹1,000 for two","Bengali, Biryani, Rolls",Indiranagar
433,https://www.zomato.com/bangalore/the-rice-bowl-1-lavelle-road/info,The Rice Bowl,4.2,"₹1,600 for two","Asian, Chinese, Sichuan, Seafood, Desserts","Hotel Southern Star, Lavelle Road"
434,https://www.zomato.com/bangalore/sultans-of-spice-koramangala-5th-block-bangalore/info,Sultans Of Spice,4.4,"₹1,700 for two","North Indian, Mughlai, Afghan, Biryani, Desserts, Beverages","BluPetal Hotel, Koramangala"
435,https://www.zomato.com/bangalore/pizza-4ps-indiranagar-bangalore/info,Pizza 4P's,New,"₹1,000 for two",Pizza,Indiranagar
436,https://www.zomato.com/bangalore/big-horn-brewery-bannerghatta-road-bangalore/info,Big Horn Brewery,New,"₹1,500 for two","South Indian, North Indian, Asian, Chinese, Biryani, Pasta, Pizza, Desserts",Bannerghatta Road
437,https://www.zomato.com/bangalore/talli-terrace-church-street-bangalore/info,Talli Terrace,3.8,₹500 for two,"North Indian, Chinese, Fast Food",Church Street
438,https://www.zomato.com/bangalore/barkaas-indo-arabic-restaurant-koramangala-7th-block-bangalore/info,Barkaas Indo Arabic Restaurant,4.0,"₹1,000 for two","Arabian, North Indian, Biryani, Mandi, Desserts",Koramangala 7th Block
439,https://www.zomato.com/bangalore/frozen-bottle-milkshakes-desserts-and-ice-cream-hsr-bangalore/info,"Frozen Bottle - Milkshakes, Desserts And Ice Cream",3.6,₹350 for two,"Shake, Ice Cream, Desserts, Beverages, Waffle, Healthy Food",HSR
440,https://www.zomato.com/bangalore/toast-tonic-richmond-road-bangalore/info,Toast & Tonic,4.7,"₹2,000 for two","Finger Food, Continental, Asian, Burger, Desserts, Bar Food, Beverages",Richmond Road
441,https://www.zomato.com/bangalore/haldirams-restaurant-1-hsr-bangalore/info,Haldiram's Restaurant,4.1,₹400 for two,"Mithai, South Indian, North Indian, Sandwich, Street Food, Biryani, Beverages",HSR
442,https://www.zomato.com/bangalore/ebony-mg-road/info,Ebony,4.2,"₹1,900 for two","North Indian, Biryani, South Indian, Thai, Seafood, Desserts, Beverages",Barton Centre
443,https://www.zomato.com/bangalore/the-verandah-grand-mercure-koramangala-3rd-block-bangalore/info,The Verandah - Grand Mercure,3.4,"₹1,500 for two","South Indian, Asian, Salad, Healthy Food, Chinese, Desserts",Koramangala 3rd Block
444,https://www.zomato.com/bangalore/santé-spa-cuisine-domlur-bangalore/info,Santé Spa Cuisine,4.9,"₹1,800 for two","Pizza, North Indian, Continental, Pasta, Asian, Cafe, Beverages, Desserts",Domlur
445,https://www.zomato.com/bangalore/nomad-pizza-sarjapur-road-bangalore/info,Nomad Pizza,4.4,"₹1,000 for two","Pizza, Italian",Sarjapur Road
446,https://www.zomato.com/bangalore/onesta-hsr/info,Onesta,4.2,"₹1,000 for two","Pizza, Pasta, Sandwich, Fast Food, Desserts, Beverages",HSR
447,https://www.zomato.com/bangalore/the-only-place-church-street/info,The Only Place,4.0,"₹1,400 for two","Italian, Steak, Continental, Fast Food, Desserts, Beverages",Church Street
448,https://www.zomato.com/bangalore/kapoors-cafe-jayanagar-bangalore/info,Kapoor's Cafe,3.4,"₹1,000 for two","North Indian, Fast Food, Street Food, Desserts",Jayanagar
449,https://www.zomato.com/bangalore/rnr-biryani-taste-of-1953-1-jayanagar-bangalore/info,RNR Biryani - Taste Of 1953,4.2,₹700 for two,"Biryani, South Indian, Kebab, Desserts, Beverages",Jayanagar
450,https://www.zomato.com/bangalore/kfc-nagawara/info,KFC,3.8,₹400 for two,"Burger, Fast Food, Biryani, Desserts, Beverages","Embassy Manyata Business Park,  Nagawara"
451,https://www.zomato.com/bangalore/ottoman-restobar-bellandur-bangalore/info,Ottoman Restobar,3.9,"₹1,100 for two","Asian, Sushi, North Indian, Desserts",Bellandur
452,https://www.zomato.com/bangalore/cafe-petriqor-jp-nagar-bangalore/info,Cafe Petriqor,4.4,₹700 for two,"Asian, Continental, Coffee, Pizza, Pasta",JP Nagar
453,https://www.zomato.com/bangalore/casa-piccosa-jp-nagar/info,Casa Piccosa,4.0,"₹1,800 for two","Bar Food, Italian, Chinese, Mexican, North Indian, Seafood, Salad, Desserts",JP Nagar
454,https://www.zomato.com/bangalore/cafe-delhi-heights-brigade-road-bangalore/info,Cafe Delhi Heights,4.2,"₹1,500 for two","North Indian, Oriental, Italian, Desserts, Beverages, Coffee, Sushi",Forum Rex Walk
455,https://www.zomato.com/bangalore/backyard-burgers-and-grill-indiranagar-bangalore/info,Backyard Burgers And Grill,4.1,₹400 for two,"Burger, American, Wraps, Fast Food, Salad",Indiranagar
456,https://www.zomato.com/bangalore/hyderabad-biryaani-house-since-2003-koramangala-5th-block-bangalore/info,Hyderabad Biryaani House - Since 2003,4.0,₹950 for two,"Biryani, North Indian, Chinese, Mughlai, Seafood, Beverages, Desserts",Koramangala 5th Block
457,https://www.zomato.com/bangalore/hopshaus-whitefield-bangalore/info,Hopshaus,4.2,"₹2,000 for two","Continental, North Indian, Chinese, Sichuan, Pizza, Asian, Finger Food, Desserts",Whitefield
458,https://www.zomato.com/bangalore/sanchez-lavelle-road/info,Sanchez,4.0,"₹2,500 for two","Mexican, Beverages",UB City
459,https://www.zomato.com/bangalore/ginger-garden-resto-rammurthy-nagar-bangalore/info,Ginger Garden Resto,4.3,"₹1,200 for two","North Indian, Andhra, Asian, Pasta, Seafood, Biryani, Chinese, Beverages",Rammurthy Nagar
460,https://www.zomato.com/bangalore/chairmans-restobar-jalahalli-bangalore/info,Chairman’s Restobar,4.3,"₹1,200 for two","Finger Food, North Indian, Italian, Oriental, Steak, Desserts, Beverages",Jalahalli
461,https://www.zomato.com/bangalore/kampot-bellandur-bangalore/info,Kampot,New,"₹2,000 for two","Vietnamese, Asian, Chinese, Desserts, Beverages, Salad","RMZ Ecoworld, Bellandur"
462,https://www.zomato.com/bangalore/buff-buffet-buff-koramangala-5th-block/info,Buff Buffet Buff,4.4,"₹1,800 for two","South Indian, Salad, Bar Food, North Indian, Desserts, Beverages","BluPetal Hotel, Koramangala"
463,https://www.zomato.com/bangalore/thai-basil-koramangala-1st-block-bangalore/info,Thai Basil,3.8,"₹1,400 for two","Thai, Seafood, Salad, Beverages",Koramangala 1st Block
464,https://www.zomato.com/bangalore/chutney-chang-church-street/info,Chutney Chang,3.9,"₹1,800 for two","Chinese, North Indian, Momos",Church Street
465,https://www.zomato.com/bangalore/pegs-n-bottles-premier-church-street-bangalore/info,Pegs N Bottles Premier,4.3,₹850 for two,"Bar Food, Continental, Chinese, Pizza",Church Street
466,https://www.zomato.com/TableForTous/info,Table For Tous,4.3,₹750 for two,"Desserts, Bakery, Coffee, Cafe",HSR
467,https://www.zomato.com/bangalore/le-kéne-1-hsr-bangalore/info,LE KÉNE,3.5,₹600 for two,"Cafe, Coffee, Fast Food, Desserts",HSR
468,https://www.zomato.com/bangalore/rajdhani-yelahanka-bangalore/info,Rajdhani,4.4,"₹1,200 for two",Gujarati,Yelahanka
469,https://www.zomato.com/bangalore/nandhana-palace-electronic-city-bangalore/info,Nandhana Palace,4.3,"₹1,400 for two","Andhra, Biryani, North Indian, Chinese, Desserts, Ice Cream, Beverages",Electronic City
470,https://www.zomato.com/bangalore/casa-fresco-by-tea-brew-indiranagar-bangalore/info,Casa Fresco By Tea Brew,3.9,₹950 for two,"American, Italian, Pasta, Steak, Chinese, Momos, Bubble Tea, Beverages",Indiranagar
471,https://www.zomato.com/bangalore/mooch-marod-koramangala-6th-block-bangalore/info,Mooch Marod,4.3,₹600 for two,"North Indian, Beverages",Koramangala 6th Block
472,https://www.zomato.com/bangalore/eden-park-cunningham-road/info,Eden Park,3.9,"₹1,300 for two","Andhra, Biryani, Chinese, North Indian, Seafood, South Indian, Sichuan",Cunningham Road
473,https://www.zomato.com/bangalore/kenzai-brigade-road-bangalore/info,Kenzai,4.2,"₹1,700 for two","Asian, Japanese, Chinese, Salad, Desserts, Beverages","Garuda Mall, Magrath Road"
474,https://www.zomato.com/bangalore/ganbeii-koramangala-5th-block-bangalore/info,Ganbeii,New,"₹1,000 for two","Continental, Asian",Koramangala 5th Block
475,https://www.zomato.com/bangalore/dyce-2-jayanagar-bangalore/info,DYCE,4.1,"₹1,200 for two","Continental, Pizza, Mexican, Burger, Beverages",Jayanagar
476,https://www.zomato.com/bangalore/once-upon-a-rooftop-jayanagar/info,Once Upon a Rooftop,4.0,"₹1,400 for two","Mexican, Italian, Chinese, Thai, Sichuan, Fast Food, Desserts",Jayanagar
477,https://www.zomato.com/bangalore/lazy-suzy-indiranagar/info,Lazy Suzy,4.2,"₹1,200 for two","Cafe, Continental, Italian, Pizza, Desserts, Beverages",Indiranagar
478,https://www.zomato.com/bangalore/karama-restaurant-frazer-town/info,Karama Restaurant,4.0,"₹1,200 for two","Kashmiri, Mughlai, Arabian, BBQ, Seafood, Biryani, North Indian, Desserts",Frazer Town
479,https://www.zomato.com/bangalore/taiki-jp-nagar-bangalore/info,Taiki,4.0,₹700 for two,"Korean, Japanese, Sushi, Salad, Desserts, Tea, Beverages",JP Nagar
480,https://www.zomato.com/bangalore/platform-65-rajarajeshwari-nagar-bangalore/info,Platform 65,3.5,"₹1,200 for two","South Indian, North Indian, Biryani, Seafood, Mughlai, Chinese, Ice Cream, Desserts",Rajarajeshwari Nagar
481,https://www.zomato.com/bangalore/drinkology-gastro-pub-bannerghatta-road-bangalore/info,Drinkology Gastro Pub,4.0,"₹1,000 for two","Biryani, Beverages",Bannerghatta Road
482,https://www.zomato.com/bangalore/bearful-sarjapur-road-bangalore/info,Bearful,4.0,"₹1,100 for two","North Indian, Mughlai, Continental, Chinese, Biryani, Kebab, Desserts, Beverages",Sarjapur Road
483,https://www.zomato.com/bangalore/cafe-centralis-new-bel-road/info,Cafe Centralis,3.2,₹950 for two,"Cafe, Chinese, Italian, Sichuan",New BEL Road
484,https://www.zomato.com/bangalore/toy-boy-majestic-bangalore/info,TOY BOY,New,"₹2,000 for two","Bar Food, North Indian, Pizza, Oriental",Majestic
485,https://www.zomato.com/bangalore/klava-brigade-road-bangalore/info,Klava,3.5,₹800 for two,"Bakery, Desserts, Coffee, Shake",Forum Rex Walk
486,https://www.zomato.com/bangalore/kaara-by-the-lake-ulsoor-bangalore/info,Kaara By The Lake,4.1,₹850 for two,"Italian, Desserts, Beverages",Ulsoor
487,https://www.zomato.com/bangalore/nahdi-mandi-btm-bangalore/info,Nahdi Mandi,3.9,₹500 for two,Mandi,BTM
488,https://www.zomato.com/bangalore/gourmet-by-biggies-burger-kalyan-nagar-bangalore/info,Gourmet By Biggies Burger,4.2,₹300 for two,"American, Burger, Fast Food, Beverages, Desserts",Kalyan Nagar
489,https://www.zomato.com/bangalore/loka-greenpark-hotels-bannerghatta-road-bangalore/info,LOKA - Greenpark Hotels,4.2,"₹1,800 for two","South Indian, North Indian, Chinese, Fast Food, Asian, Desserts, Beverages",Bannerghatta Road
490,https://www.zomato.com/bangalore/bento-bento-indiranagar-bangalore/info,Bento Bento,4.1,"₹1,800 for two","Asian, Thai, Beverages",Indiranagar
491,https://www.zomato.com/bangalore/elements-eatery-vasanth-nagar-bangalore/info,Elements Eatery,3.9,"₹1,300 for two","Steak, Pizza, Burger, Continental, Desserts, Pasta",Vasanth Nagar
492,https://www.zomato.com/bangalore/the-rajputana-1-brookefield-bangalore/info,The Rajputana,3.3,"₹1,000 for two","North Indian, Gujarati, Desserts, Mithai, Beverages",Brookefield
493,https://www.zomato.com/bangalore/golkonda-chimney-whitefield-bangalore/info,Golkonda Chimney,3.2,"₹1,200 for two","North Indian, Mughlai, Chinese, Rolls, Seafood, Biryani, Desserts",Whitefield
494,https://www.zomato.com/bangalore/cevi-hsr-bangalore/info,CEVI,4.5,"₹1,500 for two","North Indian, Biryani, Seafood, Beverages, Desserts",HSR
495,https://www.zomato.com/bangalore/glass-kitchen-bar-race-course-road-bangalore/info,Glass – Kitchen & Bar,4.4,"₹3,500 for two","Modern Indian, North Indian, Continental, Biryani, Bar Food, Seafood, Desserts, Beverages","Holiday Inn, Race Course Road."
496,https://www.zomato.com/bangalore/the-coffee-brewery-koramangala-4th-block-bangalore/info,The Coffee Brewery,3.9,₹800 for two,"Cafe, Coffee, Sandwich, Fast Food, Desserts, Tea, Beverages",Koramangala 4th Block
497,https://www.zomato.com/bangalore/gopizza-1-whitefield-bangalore/info,GOPIZZA,4.0,₹500 for two,"Pizza, Fast Food","Phoenix Marketcity Bangalore, Whitefield"
498,https://www.zomato.com/bangalore/spice-it-ibis-hotel-hebbal-bangalore/info,Spice It - Ibis Hotel,3.7,"₹1,800 for two","North Indian, Chinese, Italian, Continental, Pasta, Desserts, Beverages",Hebbal
499,https://www.zomato.com/bangalore/cafe-capriccio-3-old-madras-road-bangalore/info,Cafe Capriccio,4.1,₹800 for two,"Italian, Pasta, Pizza, Salad","RMZ Infinity, Old Madras Road"
500,https://www.zomato.com/bangalore/12-degree-rooftop-pub-lounge-4-kanakapura-road-bangalore/info,12 Degree Rooftop & Pub Lounge,4.2,"₹1,500 for two","Chinese, North Indian, Mughlai",Kanakapura Road
